sample_count,algorithm_time_s,input_time_s,input_sample_index,rest_update_ok,rest_state,local_label,clean_ratio_10s,clean_ratio_20s,consecutive_disturbance,strong_motion,acc_mag_mean,acc_mag_std,acc_mag_range,gyr_mag_mean,gyr_mag_rms,gyr_mag_p95,gyr_mag_max,acc_jerk_rms,acc_jerk_p95,entered_measurement,left_measurement,vital_reset_since_previous_second,vital_estimate_called,vital_estimate_returned,vital_stored_samples,vital_fill_percent,rr_valid,rr_bpm,rr_raw_bpm,rr_alt_bpm,rr_correction,rr_energy_low,rr_sqi,rr_snr,rr_axis,rr_peak_freq_hz,hr_status,hr_valid,hr_bpm,hr_tracked_bpm,hr_sqi,hr_snr,hr_axis,hr_raw_bpm,hr_raw_snr,hr_clean_bpm,hr_clean_snr,hr_near_harmonic,hr_harmonic_k,hr_cand1_bpm,hr_cand1_snr,hr_cand1_harm_k,hr_cand2_bpm,hr_cand2_snr,hr_cand2_harm_k,hr_cand3_bpm,hr_cand3_snr,hr_cand3_harm_k,motion_quality,motion_class,rr_candidate_bpm,rr_prominence,rr_axis_support,rr_continuity_quality,rr_harmonic_quality,hr_candidate_bpm,hr_prominence,hr_axis_support,hr_continuity_quality,hr_harmonic_quality
100,1.000000000,0.990000000,99,0,NOT_REST,DISTURBANCE,0.000000,0.000000,0,0,0,0,0,0,0,0,0,0,0,0,0,0,0,0,0,0,,,,,,,,,,,,,,,,,,,,,,,,,,,,,,,,,,,,,,,,,,,
200,2.000000000,1.990000000,199,1,NOT_REST,CLEAN_LOCAL,1.000000,1.000000,0,0,1.0152936,0.00402952218,0.0219862461,1.51374364,1.61351705,2.57043076,4.10130548,0.260054886,0.540304184,0,0,0,0,0,0,0,,,,,,,,,,,,,,,,,,,,,,,,,,,,,,,,,,,,,,,,,,,
300,3.000000000,2.990000000,299,1,NOT_REST,CLEAN_LOCAL,1.000000,1.000000,0,0,1.01475573,0.00414180197,0.0219862461,1.7168045,1.9003917,2.94626951,6.40086889,0.277780116,0.620627403,0,0,0,0,0,0,0,,,,,,,,,,,,,,,,,,,,,,,,,,,,,,,,,,,,,,,,,,,
400,4.000000000,3.990000000,399,1,NOT_REST,CLEAN_LOCAL,1.000000,1.000000,0,0,1.01485801,0.0034752374,0.0209012032,1.51464772,1.76653087,3.24210835,6.40086889,0.247339427,0.568079948,0,0,0,0,0,0,0,,,,,,,,,,,,,,,,,,,,,,,,,,,,,,,,,,,,,,,,,,,
500,5.000000000,4.990000000,499,1,NOT_REST,CLEAN_LOCAL,1.000000,1.000000,0,0,1.01554346,0.00307371211,0.0181549788,1.21311057,1.37045074,2.95281053,3.57056832,0.24408026,0.44465065,0,0,0,0,0,0,0,,,,,,,,,,,,,,,,,,,,,,,,,,,,,,,,,,,,,,,,,,,
600,6.000000000,5.990000000,599,1,NOT_REST,CLEAN_LOCAL,1.000000,1.000000,0,0,1.01527488,0.00384471961,0.0222594738,1.42729175,1.55730295,2.75787449,4.65952063,0.267625093,0.527250767,0,0,0,0,0,0,0,,,,,,,,,,,,,,,,,,,,,,,,,,,,,,,,,,,,,,,,,,,
700,7.000000000,6.990000000,699,1,NOT_REST,CLEAN_LOCAL,1.000000,1.000000,0,0,1.01463771,0.0040312768,0.0211774111,1.46064579,1.54965067,2.41845298,4.65952063,0.262785226,0.527250767,0,0,0,0,0,0,0,,,,,,,,,,,,,,,,,,,,,,,,,,,,,,,,,,,,,,,,,,,
800,8.000000000,7.990000000,799,1,NOT_REST,CLEAN_LOCAL,1.000000,1.000000,0,0,1.01490366,0.00375268934,0.0207118988,1.39262342,1.46376467,2.17542672,3.36831832,0.257275403,0.470149517,0,0,0,0,0,0,0,,,,,,,,,,,,,,,,,,,,,,,,,,,,,,,,,,,,,,,,,,,
900,9.000000000,8.990000000,899,1,NOT_REST,CLEAN_LOCAL,1.000000,1.000000,0,0,1.01528788,0.00333626685,0.0207118988,1.42132533,1.53774428,2.76282549,4.04537773,0.236895025,0.402963161,0,0,0,0,0,0,0,,,,,,,,,,,,,,,,,,,,,,,,,,,,,,,,,,,,,,,,,,,
1000,10.000000000,9.990000000,999,1,NOT_REST,CLEAN_LOCAL,1.000000,1.000000,0,0,1.01526487,0.00345478859,0.0229094028,1.44952393,1.57388067,2.76282549,4.04537773,0.229941741,0.467205048,0,0,0,0,0,0,0,,,,,,,,,,,,,,,,,,,,,,,,,,,,,,,,,,,,,,,,,,,
1100,11.000000000,10.990000000,1099,1,REST_PENDING,CLEAN_LOCAL,1.000000,1.000000,0,0,1.01484394,0.00427579507,0.0229094028,1.58977008,1.67871749,2.54624987,3.41266823,0.256686598,0.55462122,0,0,0,0,0,0,0,,,,,,,,,,,,,,,,,,,,,,,,,,,,,,,,,,,,,,,,,,,
1200,12.000000000,11.990000000,1199,1,REST_MEASUREMENT,CLEAN_LOCAL,1.000000,1.000000,0,0,1.01473546,0.00474533765,0.0244673491,1.71732652,1.81995678,3.0543766,3.54833794,0.299019873,0.604534149,1,0,1,1,0,0,0,0,0.000000,0.000000,0.000000,none,0,0,0,NONE,0,----,0,0.000000,0.000000,0,0,NONE,0.000000,0,0.000000,0,0,0,0.000000,0,0,0.000000,0,0,0.000000,0,0,0.900000,MILD,0.000000,0.000000,0.000000,0.000000,0.000000,0.000000,0.000000,0.000000,0.000000,0.000000
1300,13.000000000,12.990000000,1299,1,REST_MEASUREMENT,CLEAN_LOCAL,1.000000,1.000000,0,0,1.01536894,0.00436623488,0.0248486996,1.51601267,1.66379821,3.07986331,3.79418206,0.291894525,0.539946556,0,0,0,1,0,25,5,0,0.000000,0.000000,0.000000,none,0,0,0,NONE,0,----,0,0.000000,0.000000,0,0,NONE,0.000000,0,0.000000,0,0,0,0.000000,0,0,0.000000,0,0,0.000000,0,0,0.900000,MILD,0.000000,0.000000,0.000000,0.000000,0.000000,0.000000,0.000000,0.000000,0.000000,0.000000
1400,14.000000000,13.990000000,1399,1,REST_MEASUREMENT,CLEAN_LOCAL,1.000000,1.000000,0,0,1.01539266,0.00421544909,0.0218361616,1.40228999,1.5491488,2.94256401,4.15325546,0.281592965,0.504374504,0,0,0,1,0,50,11,0,0.000000,0.000000,0.000000,none,0,0,0,NONE,0,----,0,0.000000,0.000000,0,0,NONE,0.000000,0,0.000000,0,0,0,0.000000,0,0,0.000000,0,0,0.000000,0,0,1.000000,CLEAN,0.000000,0.000000,0.000000,0.000000,0.000000,0.000000,0.000000,0.000000,0.000000,0.000000
1500,15.000000000,14.990000000,1499,1,REST_MEASUREMENT,CLEAN_LOCAL,1.000000,1.000000,0,0,1.01517665,0.00440660538,0.0219159126,1.52750552,1.64859092,2.87157345,4.15325546,0.286922693,0.568282604,0,0,0,1,0,75,16,0,0.000000,0.000000,0.000000,none,0,0,0,NONE,0,----,0,0.000000,0.000000,0,0,NONE,0.000000,0,0.000000,0,0,0,0.000000,0,0,0.000000,0,0,0.000000,0,0,1.000000,CLEAN,0.000000,0.000000,0.000000,0.000000,0.000000,0.000000,0.000000,0.000000,0.000000,0.000000
1600,16.000000000,15.990000000,1599,1,REST_MEASUREMENT,CLEAN_LOCAL,1.000000,1.000000,0,0,1.01467979,0.00381753221,0.0196745396,1.51613712,1.59478784,2.36797047,3.9469676,0.263684809,0.591945648,0,0,0,1,0,100,22,0,0.000000,0.000000,0.000000,none,0,0,0,NONE,0,----,0,0.000000,0.000000,0,0,NONE,0.000000,0,0.000000,0,0,0,0.000000,0,0,0.000000,0,0,0.000000,0,0,1.000000,CLEAN,0.000000,0.000000,0.000000,0.000000,0.000000,0.000000,0.000000,0.000000,0.000000,0.000000
1700,17.000000000,16.990000000,1699,1,REST_MEASUREMENT,CLEAN_LOCAL,1.000000,1.000000,0,0,1.01489341,0.00394506846,0.020201087,1.44782639,1.54487896,2.519696,3.6945107,0.268207133,0.568854809,0,0,0,1,0,125,27,0,0.000000,0.000000,0.000000,none,0,0,0,NONE,0,----,0,0.000000,0.000000,0,0,NONE,0.000000,0,0.000000,0,0,0,0.000000,0,0,0.000000,0,0,0.000000,0,0,1.000000,CLEAN,0.000000,0.000000,0.000000,0.000000,0.000000,0.000000,0.000000,0.000000,0.000000,0.000000
1800,18.000000000,17.990000000,1799,1,REST_MEASUREMENT,CLEAN_LOCAL,1.000000,1.000000,0,0,1.01533294,0.00367430225,0.0232955217,1.338871,1.47306883,2.84143353,4.23071337,0.255988717,0.492835045,0,0,0,1,0,150,33,0,0.000000,0.000000,0.000000,none,0,0,0,NONE,0,----,0,0.000000,0.000000,0,0,NONE,0.000000,0,0.000000,0,0,0,0.000000,0,0,0.000000,0,0,0.000000,0,0,1.000000,CLEAN,0.000000,0.000000,0.000000,0.000000,0.000000,0.000000,0.000000,0.000000,0.000000,0.000000
1900,19.000000000,18.990000000,1899,1,REST_MEASUREMENT,CLEAN_LOCAL,1.000000,1.000000,0,0,1.01538157,0.00290582585,0.0199706554,1.26802862,1.37849259,2.41166878,4.23071337,0.23559463,0.418972969,0,0,0,1,0,175,38,0,0.000000,0.000000,0.000000,none,0,0,0,NONE,0,----,0,0.000000,0.000000,0,0,NONE,0.000000,0,0.000000,0,0,0,0.000000,0,0,0.000000,0,0,0.000000,0,0,1.000000,CLEAN,0.000000,0.000000,0.000000,0.000000,0.000000,0.000000,0.000000,0.000000,0.000000,0.000000
2000,20.000000000,19.990000000,1999,1,REST_MEASUREMENT,CLEAN_LOCAL,1.000000,1.000000,0,0,1.01535571,0.00314545725,0.0202419758,1.49972486,1.60074401,2.75091147,3.54115653,0.221712306,0.418972969,0,0,0,1,0,200,44,0,0.000000,0.000000,0.000000,none,0,0,0,NONE,0,----,0,0.000000,0.000000,0,0,NONE,0.000000,0,0.000000,0,0,0,0.000000,0,0,0.000000,0,0,0.000000,0,0,1.000000,CLEAN,0.000000,0.000000,0.000000,0.000000,0.000000,0.000000,0.000000,0.000000,0.000000,0.000000
2100,21.000000000,20.990000000,2099,1,REST_MEASUREMENT,CLEAN_LOCAL,1.000000,1.000000,0,0,1.01469755,0.00360938418,0.0217324495,1.53516269,1.61579692,2.48774076,3.41165853,0.239205852,0.519573689,0,0,0,1,0,225,50,0,0.000000,0.000000,0.000000,none,0,0,0,NONE,0,----,0,0.000000,0.000000,0,0,NONE,0.000000,0,0.000000,0,0,0,0.000000,0,0,0.000000,0,0,0.000000,0,0,1.000000,CLEAN,0.000000,0.000000,0.000000,0.000000,0.000000,0.000000,0.000000,0.000000,0.000000,0.000000
2200,22.000000000,21.990000000,2199,1,REST_MEASUREMENT,CLEAN_LOCAL,1.000000,1.000000,0,0,1.01500666,0.0036687078,0.0217324495,1.37611103,1.48777652,2.6486063,3.68269014,0.265231639,0.533080101,0,0,0,1,0,250,55,0,0.000000,0.000000,0.000000,none,0,0,0,NONE,0,----,0,0.000000,0.000000,0,0,NONE,0.000000,0,0.000000,0,0,0,0.000000,0,0,0.000000,0,0,0.000000,0,0,1.000000,CLEAN,0.000000,0.000000,0.000000,0.000000,0.000000,0.000000,0.000000,0.000000,0.000000,0.000000
2300,23.000000000,22.990000000,2299,1,REST_MEASUREMENT,CLEAN_LOCAL,1.000000,1.000000,0,0,1.01538491,0.00317033078,0.021269083,1.31839371,1.45864093,2.68803072,3.74959707,0.250497133,0.413250923,0,0,0,1,0,275,61,0,0.000000,0.000000,0.000000,none,0,0,0,NONE,0,----,0,0.000000,0.000000,0,0,NONE,0.000000,0,0.000000,0,0,0,0.000000,0,0,0.000000,0,0,0.000000,0,0,1.000000,CLEAN,0.000000,0.000000,0.000000,0.000000,0.000000,0.000000,0.000000,0.000000,0.000000,0.000000
2400,24.000000000,23.990000000,2399,1,REST_MEASUREMENT,CLEAN_LOCAL,1.000000,1.000000,0,0,1.01524258,0.00286210002,0.0190367699,1.26509106,1.36479473,2.26193833,3.74959707,0.228555709,0.386798382,0,0,0,1,0,300,66,0,0.000000,0.000000,0.000000,none,0,0,0,NONE,0,----,0,0.000000,0.000000,0,0,NONE,0.000000,0,0.000000,0,0,0,0.000000,0,0,0.000000,0,0,0.000000,0,0,1.000000,CLEAN,0.000000,0.000000,0.000000,0.000000,0.000000,0.000000,0.000000,0.000000,0.000000,0.000000
2500,25.000000000,24.990000000,2499,1,REST_MEASUREMENT,CLEAN_LOCAL,1.000000,1.000000,0,0,1.0150795,0.00321059814,0.0177046061,1.47636354,1.56127656,2.7058022,3.6250248,0.219217047,0.487947464,0,0,0,1,0,325,72,0,0.000000,0.000000,0.000000,none,0,0,0,NONE,0,----,0,0.000000,0.000000,0,0,NONE,0.000000,0,0.000000,0,0,0,0.000000,0,0,0.000000,0,0,0.000000,0,0,1.000000,CLEAN,0.000000,0.000000,0.000000,0.000000,0.000000,0.000000,0.000000,0.000000,0.000000,0.000000
2600,26.000000000,25.990000000,2599,1,REST_MEASUREMENT,CLEAN_LOCAL,1.000000,1.000000,0,0,1.01470912,0.00373163214,0.0228488445,1.49277973,1.57545424,2.66100717,3.13026285,0.259061545,0.530040264,0,0,0,1,0,350,77,0,0.000000,0.000000,0.000000,none,0,0,0,NONE,0,----,0,0.000000,0.000000,0,0,NONE,0.000000,0,0.000000,0,0,0,0.000000,0,0,0.000000,0,0,0.000000,0,0,1.000000,CLEAN,0.000000,0.000000,0.000000,0.000000,0.000000,0.000000,0.000000,0.000000,0.000000,0.000000
2700,27.000000000,26.990000000,2699,1,REST_MEASUREMENT,CLEAN_LOCAL,1.000000,1.000000,0,0,1.01494193,0.00364131667,0.0215785503,1.28275359,1.38738072,2.40065956,3.46108675,0.260651857,0.483822823,0,0,0,1,0,375,83,0,0.000000,0.000000,0.000000,none,0,0,0,NONE,0,----,0,0.000000,0.000000,0,0,NONE,0.000000,0,0.000000,0,0,0,0.000000,0,0,0.000000,0,0,0.000000,0,0,1.000000,CLEAN,0.000000,0.000000,0.000000,0.000000,0.000000,0.000000,0.000000,0.000000,0.000000,0.000000
2800,28.000000000,27.990000000,2799,1,REST_MEASUREMENT,CLEAN_LOCAL,1.000000,1.000000,0,0,1.01538849,0.00293053477,0.0213218927,1.23911262,1.35005355,2.54301548,3.6459372,0.240115836,0.409328938,0,0,0,1,0,400,88,0,0.000000,0.000000,0.000000,none,0,0,0,NONE,0,----,0,0.000000,0.000000,0,0,NONE,0.000000,0,0.000000,0,0,0,0.000000,0,0,0.000000,0,0,0.000000,0,0,1.000000,CLEAN,0.000000,0.000000,0.000000,0.000000,0.000000,0.000000,0.000000,0.000000,0.000000,0.000000
2900,29.000000000,28.990000000,2899,1,REST_MEASUREMENT,CLEAN_LOCAL,1.000000,1.000000,0,0,1.0153532,0.00267546484,0.0188508034,1.24299169,1.34493792,2.29672074,3.6459372,0.237132058,0.360107422,0,0,0,1,0,425,94,0,0.000000,0.000000,0.000000,none,0,0,0,NONE,0,----,0,0.000000,0.000000,0,0,NONE,0.000000,0,0.000000,0,0,0,0.000000,0,0,0.000000,0,0,0.000000,0,0,1.000000,CLEAN,0.000000,0.000000,0.000000,0.000000,0.000000,0.000000,0.000000,0.000000,0.000000,0.000000
3000,30.000000000,29.990000000,2999,1,REST_MEASUREMENT,CLEAN_LOCAL,1.000000,1.000000,0,0,1.01523042,0.00321483053,0.0237029791,1.38059568,1.47102809,2.47345042,3.49448323,0.221092016,0.38485527,0,0,0,1,1,450,100,0,0.000000,12.000000,19.000000,none,0,69,10.036006,Y,0,----,0,0.000000,0.000000,71,10.8923416,Y,85.000000,10.8923416,89.000000,3.62230515,1,7,85.000000,10.8923416,7,61.000000,5.38046074,5,89.000000,3.62230515,0,1.000000,CLEAN,12.000000,1.109345,0.779625,0.700000,1.000000,85.000000,1.306297,0.224749,0.700000,0.982000
3100,31.000000000,30.990000000,3099,1,REST_MEASUREMENT,CLEAN_LOCAL,1.000000,1.000000,0,0,1.01473331,0.0034719028,0.0205880404,1.41923797,1.4877131,2.22398067,2.89860177,0.221074417,0.455284119,0,0,0,1,1,450,100,1,11.500000,12.000000,25.000000,none,0,66,10.7637243,Z,0.191666663,VALID,1,84.500000,84.500000,66,7.92011309,Y,84.000000,7.92011309,84.000000,7.92011309,0,0,84.000000,7.92011309,0,66.000000,0.77105391,0,62.000000,5.57305288,0,1.000000,CLEAN,11.000000,1.108461,0.872073,0.700000,1.000000,84.000000,1.362617,0.327381,0.700000,1.000000
3200,32.000000000,31.990000000,3199,1,REST_MEASUREMENT,CLEAN_LOCAL,1.000000,1.000000,0,0,1.01469183,0.00316889212,0.0165005922,1.27215481,1.35527396,2.04207087,3.44358921,0.216338158,0.487196445,0,0,0,1,1,450,100,1,12.025000,13.000000,23.000000,none,0,66,13.0734911,Y,0.200416654,VALID_LOW,0,84.224998,84.224998,60,4.93236303,Y,61.000000,5.90537786,80.000000,3.76236129,1,7,84.000000,4.93236303,7,80.000000,3.76236129,0,72.000000,3.88619423,6,1.000000,CLEAN,13.000000,1.107569,0.583243,1.000000,1.000000,84.000000,1.321160,0.481850,1.000000,0.982000
3300,33.000000000,32.990000000,3299,1,REST_MEASUREMENT,CLEAN_LOCAL,1.000000,1.000000,0,0,1.01524162,0.00288189016,0.02232337,1.25368559,1.3599118,2.43039036,3.44358921,0.238475472,0.415968895,0,0,0,1,1,450,100,1,12.016250,12.000000,22.000000,none,0,76,10.9494114,Y,0.200270832,VALID_LOW,0,84.101250,84.101250,63,5.58103323,Y,71.000000,5.78309059,92.000000,3.45271516,1,7,84.000000,5.58103323,7,71.000000,5.78309059,6,92.000000,3.45271516,0,1.000000,CLEAN,12.000000,1.092056,0.813395,1.000000,1.000000,84.000000,1.315409,0.464281,1.000000,0.960000
3400,34.000000000,33.990000000,3399,1,REST_MEASUREMENT,CLEAN_LOCAL,1.000000,1.000000,0,0,1.0151118,0.00254419819,0.0188443661,1.31786823,1.43015885,2.64375997,3.56187344,0.221221477,0.312757492,0,0,0,1,1,450,100,1,12.010562,12.000000,22.000000,none,0,76,11.7636395,Y,0.20017603,----,0,84.101250,84.101250,14,5.54184294,X,71.000000,5.54184294,92.000000,3.25403452,1,6,71.000000,5.54184294,6,85.000000,3.57407379,7,92.000000,3.25403452,0,1.000000,CLEAN,12.000000,1.095298,0.788220,1.000000,1.000000,71.000000,1.310856,0.849716,0.500000,0.928000
3500,35.000000000,34.990000000,3499,1,REST_MEASUREMENT,CLEAN_LOCAL,1.000000,1.000000,0,0,1.01507604,0.00355313276,0.0204328299,1.45290935,1.55651689,2.64877963,3.56187344,0.203638107,0.382888317,0,0,0,1,1,450,100,1,12.006866,12.000000,20.000000,none,0,78,8.97193813,Z,0.200114429,----,0,82.148849,82.148849,37,2.66123462,X,71.000000,4.52248001,78.000000,2.66123462,0,0,78.000000,2.66123462,0,88.000000,3.37341309,0,85.000000,2.60890698,7,1.000000,CLEAN,12.000000,1.100175,0.973345,1.000000,1.000000,78.000000,1.345429,0.744916,0.850000,1.000000
3600,36.000000000,35.990000000,3599,1,REST_MEASUREMENT,CLEAN_LOCAL,1.000000,1.000000,0,0,1.0148735,0.00415944494,0.0231223106,1.41802931,1.48830402,2.36693573,3.24681592,0.248569205,0.561606884,0,0,0,1,1,450,100,1,11.654463,11.000000,20.000000,none,0,70,14.9084558,Y,0.194241047,VALID_LOW,0,82.616982,82.616982,55,3.68902707,Y,71.000000,4.87341785,88.000000,4.25234747,1,7,83.000000,3.68902707,7,88.000000,4.25234747,0,70.000000,4.84823132,6,1.000000,CLEAN,11.000000,1.115968,0.729918,1.000000,1.000000,83.000000,1.484613,0.376122,1.000000,0.960000
3700,37.000000000,36.990000000,3699,1,REST_MEASUREMENT,CLEAN_LOCAL,1.000000,1.000000,0,0,1.0147562,0.00357785006,0.0209081173,1.24058545,1.32533598,2.03348565,3.71161938,0.235441431,0.525593758,0,0,0,1,1,450,100,1,11.775401,12.000000,21.000000,none,0,76,9.28642559,Y,0.196256682,VALID_LOW,0,83.377640,83.377640,55,2.66273904,Z,70.000000,4.63687277,88.000000,4.00217628,1,7,84.000000,2.66273904,7,88.000000,4.00217628,0,70.000000,4.63687277,6,1.000000,CLEAN,12.000000,1.102594,0.932303,1.000000,1.000000,84.000000,1.567771,0.871215,1.000000,0.984000
3800,38.000000000,37.990000000,3799,1,REST_MEASUREMENT,CLEAN_LOCAL,1.000000,1.000000,0,0,1.01509953,0.00309467595,0.0201238394,1.28662443,1.42776406,2.75770807,3.74285269,0.238378212,0.438725948,0,0,0,1,1,450,100,1,11.504011,11.000000,21.000000,none,0,71,9.26288033,Y,0.191733524,----,0,83.377640,83.377640,15,7.0310545,X,70.000000,7.0310545,86.000000,2.29673076,1,6,70.000000,7.0310545,6,83.000000,3.57967782,7,91.000000,1.11677909,8,1.000000,CLEAN,11.000000,1.085416,0.734079,1.000000,1.000000,70.000000,1.285766,0.740084,0.500000,0.928000
3900,39.000000000,38.990000000,3899,1,REST_MEASUREMENT,CLEAN_LOCAL,1.000000,1.000000,0,0,1.01524174,0.00284357066,0.0178360939,1.34502137,1.48103631,2.87594295,3.74285269,0.24301894,0.397920609,0,0,0,1,1,450,100,1,11.327607,11.000000,22.000000,none,0,73,12.4078341,Y,0.188793451,----,0,83.377640,83.377640,18,8.73236179,X,70.000000,8.73236179,71.000000,7.46924925,1,6,70.000000,8.73236179,6,83.000000,2.47291398,0,79.000000,3.64559293,7,1.000000,CLEAN,11.000000,1.094318,0.740529,1.000000,1.000000,70.000000,1.309269,0.812593,0.500000,0.928000
4000,40.000000000,39.990000000,3999,1,REST_MEASUREMENT,CLEAN_LOCAL,1.000000,1.000000,0,0,1.01531208,0.00303050363,0.0204069614,1.40049195,1.5077399,2.54400897,3.74285293,0.221834242,0.415956974,0,0,0,1,1,450,100,1,11.212945,11.000000,25.000000,none,0,74,9.52669811,Y,0.186882421,VALID,1,81.377640,81.377640,77,10.5192776,X,70.000000,10.5192776,70.000000,10.5192776,0,0,70.000000,10.5192776,0,79.000000,3.29343247,7,83.000000,1.57710373,0,1.000000,CLEAN,11.000000,1.065614,0.784840,1.000000,1.000000,70.000000,1.368125,0.504262,0.500000,1.000000
4100,41.000000000,40.990000000,4099,1,REST_MEASUREMENT,CLEAN_LOCAL,1.000000,1.000000,0,0,1.01495266,0.00338856969,0.0180720091,1.45908201,1.53717518,2.46746898,3.74285293,0.241366208,0.564885139,0,0,0,1,1,450,100,1,11.138414,11.000000,23.000000,none,0,75,13.0088081,Y,0.185640246,VALID,1,79.377640,79.377640,75,7.88345194,X,71.000000,7.88345194,71.000000,7.88345194,0,0,71.000000,7.88345194,0,75.000000,1.74753094,0,88.000000,1.16446853,8,1.000000,CLEAN,11.000000,1.094697,0.765573,1.000000,1.000000,71.000000,1.408279,0.908869,0.500000,1.000000
4200,42.000000000,41.990000000,4199,1,REST_MEASUREMENT,CLEAN_LOCAL,1.000000,1.000000,0,0,1.0147202,0.00346060307,0.0172735453,1.29079294,1.35981405,2.09695339,2.8655951,0.273498684,0.619280338,0,0,0,1,1,450,100,1,11.089970,11.000000,19.000000,none,0,77,10.2423859,X,0.184832826,VALID,1,77.377640,77.377640,78,7.88870287,Y,71.000000,7.88870287,71.000000,7.88870287,0,0,71.000000,7.88870287,0,75.000000,1.72354209,0,82.000000,3.67225885,0,1.000000,CLEAN,11.000000,1.110802,0.978212,1.000000,1.000000,71.000000,1.526962,0.994324,0.500000,1.000000
4300,43.000000000,42.990000000,4299,1,REST_MEASUREMENT,CLEAN_LOCAL,1.000000,1.000000,0,0,1.01595235,0.00365651934,0.0165575743,1.28619945,1.40884697,2.38363218,3.82844257,0.269251555,0.517904758,0,0,0,1,1,450,100,1,11.408481,11.000000,21.000000,none,0,71,8.94242477,Y,0.19014135,VALID_LOW,0,75.377640,75.377640,58,8.20866489,X,71.000000,8.20866489,71.000000,8.20866489,0,0,71.000000,8.20866489,0,77.000000,3.33007836,0,82.000000,3.18375659,7,1.000000,CLEAN,12.000000,1.073593,0.924962,1.000000,1.000000,71.000000,1.269690,0.883364,0.850000,1.000000
4400,44.000000000,43.990000000,4399,1,REST_MEASUREMENT,CLEAN_LOCAL,1.000000,1.000000,0,0,1.0160526,0.00326307351,0.017262578,1.34191084,1.47559905,2.73947668,3.82844257,0.235302553,0.458872318,0,0,0,1,1,450,100,1,10.915512,10.000000,20.000000,none,0,66,17.0160923,Y,0.181925207,VALID,1,73.976791,73.976791,66,9.09750366,X,71.000000,9.09750366,71.000000,9.09750366,0,0,71.000000,9.09750366,0,77.000000,4.04357433,7,83.000000,3.44324684,0,1.000000,CLEAN,10.000000,1.115839,0.465857,1.000000,1.000000,71.000000,1.326198,0.629412,0.850000,1.000000
4500,45.000000000,44.990000000,4499,1,REST_MEASUREMENT,CLEAN_LOCAL,1.000000,1.000000,0,0,1.01596975,0.00289832335,0.0178893805,1.33030581,1.43668199,2.60441518,3.49714446,0.219638616,0.371623039,0,0,0,1,1,450,100,1,10.595083,10.000000,19.000000,none,0,69,10.0923805,X,0.176584721,VALID,1,72.889557,72.889557,78,11.0857258,X,72.000000,11.0857258,71.000000,10.9050159,1,7,72.000000,11.0857258,7,76.000000,4.78592443,7,66.000000,2.19456196,6,1.000000,CLEAN,10.000000,1.092215,0.701641,1.000000,1.000000,72.000000,1.370881,0.496397,1.000000,0.982000
4600,46.000000000,45.990000000,4599,1,REST_MEASUREMENT,CLEAN_LOCAL,1.000000,1.000000,0,0,1.01599741,0.00335410354,0.0194369555,1.45883822,1.54000902,2.5375905,3.49714446,0.22681582,0.466263294,0,0,0,1,1,450,100,1,10.736804,11.000000,19.000000,none,0,73,12.5374689,Y,0.178946733,VALID,1,71.850304,71.850304,78,9.5528326,X,71.000000,9.5528326,72.000000,9.51361275,0,0,71.000000,9.5528326,0,76.000000,4.67497683,7,67.000000,1.18848443,0,1.000000,CLEAN,11.000000,1.113818,0.693361,1.000000,1.000000,71.000000,1.330512,0.606309,1.000000,1.000000
4700,47.000000000,46.990000000,4699,1,REST_MEASUREMENT,CLEAN_LOCAL,1.000000,1.000000,0,0,1.01512218,0.00399553915,0.021920085,1.39362884,1.46681523,2.16346288,3.01532435,0.267116755,0.598967075,0,0,0,1,1,450,100,1,10.828922,11.000000,19.000000,none,0,76,14.1035032,Y,0.180482045,VALID,1,71.932640,71.932640,85,9.16852856,X,72.000000,9.16852856,72.000000,9.16852856,0,0,72.000000,9.16852856,0,76.000000,4.06102943,7,65.000000,1.71936202,6,1.000000,CLEAN,11.000000,1.114654,0.903685,1.000000,1.000000,72.000000,1.346891,0.887481,1.000000,1.000000
4800,48.000000000,47.990000000,4799,1,REST_MEASUREMENT,CLEAN_LOCAL,1.000000,1.000000,0,0,1.01534605,0.00403930433,0.0215519667,1.27319348,1.40815532,2.44834328,3.90374565,0.277323574,0.588393211,0,0,0,1,1,450,100,1,11.238799,12.000000,20.000000,none,0,67,7.98533869,X,0.187313318,VALID,1,71.969688,71.969688,85,9.9765234,X,72.000000,9.9765234,72.000000,9.9765234,0,0,72.000000,9.9765234,0,76.000000,4.48990345,0,79.000000,1.19189203,7,1.000000,CLEAN,12.000000,1.104582,0.988421,1.000000,1.000000,72.000000,1.378070,0.894563,1.000000,1.000000
4900,49.000000000,48.990000000,4899,1,REST_MEASUREMENT,CLEAN_LOCAL,1.000000,1.000000,0,0,1.01550937,0.00316558918,0.0177198648,1.25707197,1.39621103,2.60755873,3.90374565,0.223219633,0.408577919,0,0,0,1,1,450,100,1,11.155219,11.000000,21.000000,none,0,74,10.7423038,Y,0.185920313,VALID,1,71.986359,71.986359,82,10.5867825,X,72.000000,10.5867825,72.000000,10.5867825,0,0,72.000000,10.5867825,0,67.000000,0.598453939,6,84.000000,4.55106163,0,1.000000,CLEAN,11.000000,1.104616,0.639980,1.000000,1.000000,72.000000,1.268370,0.700792,1.000000,1.000000
5000,50.000000000,49.990000000,4999,1,REST_MEASUREMENT,CLEAN_LOCAL,1.000000,1.000000,0,0,1.01545405,0.00297836214,0.017798543,1.31776083,1.42734385,2.55489516,3.81211925,0.204085365,0.430309772,0,0,0,1,1,450,100,1,11.450892,12.000000,22.000000,none,0,71,11.0390921,Y,0.190848202,VALID,1,72.543861,72.543861,78,11.8089533,X,73.000000,11.8089533,73.000000,11.8089533,0,0,73.000000,11.8089533,0,78.000000,1.38546264,7,81.000000,0.799015045,7,1.000000,CLEAN,12.000000,1.085711,0.833402,1.000000,1.000000,73.000000,1.213448,0.604810,1.000000,1.000000
5100,51.000000000,50.990000000,5099,1,REST_MEASUREMENT,CLEAN_LOCAL,1.000000,1.000000,0,0,1.01564777,0.00370442378,0.0214765072,1.44754839,1.53580379,2.55489516,3.81211925,0.251970232,0.478255749,0,0,0,1,1,450,100,1,11.993080,12.000000,32.000000,none,0,62,9.22240639,Y,0.199884668,VALID,1,72.794739,72.794739,80,9.96464825,X,73.000000,9.96464825,75.000000,6.27844667,1,6,73.000000,9.96464825,6,66.000000,0.64832294,0,78.000000,1.10764158,0,1.000000,CLEAN,13.000000,1.077721,0.776783,0.820000,1.000000,73.000000,1.150948,0.912082,1.000000,0.967600
5200,52.000000000,51.990000000,5199,1,REST_MEASUREMENT,CLEAN_LOCAL,1.000000,1.000000,0,0,1.015625,0.00432944624,0.0214765072,1.40548468,1.50532472,2.615767,4.20933199,0.289367288,0.60530901,0,0,0,1,1,450,100,1,11.995502,12.000000,25.000000,none,0,75,10.1224384,Y,0.199925035,VALID,1,72.907631,72.907631,79,14.8498163,X,73.000000,14.8498163,75.000000,6.70414114,1,6,73.000000,14.8498163,6,66.000000,0.349994123,0,69.000000,0.695426524,0,1.000000,CLEAN,12.000000,1.073775,0.740317,1.000000,1.000000,73.000000,1.262752,0.385055,1.000000,0.928000
5300,53.000000000,52.990000000,5299,1,REST_MEASUREMENT,CLEAN_LOCAL,1.000000,1.000000,0,0,1.01555359,0.00393257756,0.0220456123,1.30303133,1.42725289,2.615767,4.20933199,0.271872312,0.551736355,0,0,0,1,1,450,100,1,12.347076,13.000000,22.000000,none,0,69,10.602705,Y,0.205784604,VALID,1,72.958435,72.958435,81,15.5808716,X,73.000000,15.5808716,66.000000,0.463510305,1,6,73.000000,15.5808716,6,66.000000,0.463510305,0,78.000000,1.93421459,0,1.000000,CLEAN,13.000000,1.092043,0.648090,1.000000,1.000000,73.000000,1.274389,0.553050,1.000000,0.967600
5400,54.000000000,53.990000000,5399,1,REST_MEASUREMENT,CLEAN_LOCAL,1.000000,1.000000,0,0,1.01545417,0.00286571612,0.0178180933,1.26657391,1.37486708,2.57887602,3.62860298,0.224691644,0.373220444,0,0,0,1,1,450,100,1,12.225599,12.000000,22.000000,none,0,72,12.0386133,Y,0.203759983,VALID,1,72.981293,72.981293,81,14.5254898,X,73.000000,14.5254898,69.000000,0.663568795,1,6,73.000000,14.5254898,6,69.000000,0.663568795,0,66.000000,0.448414564,0,1.000000,CLEAN,12.000000,1.086847,0.583242,1.000000,1.000000,73.000000,1.297913,0.576801,1.000000,0.928000
5500,55.000000000,54.990000000,5499,1,REST_MEASUREMENT,CLEAN_LOCAL,1.000000,1.000000,0,0,1.01594377,0.00278158556,0.0175337791,1.25796306,1.35477519,2.46650672,3.52011085,0.206646264,0.331056118,0,0,0,1,1,450,100,1,12.146640,12.000000,23.000000,none,0,74,10.1247263,Y,0.202444002,VALID,1,72.991585,72.991585,80,14.46451,X,73.000000,14.46451,66.000000,0.359302849,1,6,73.000000,14.46451,6,79.000000,1.35389602,0,85.000000,2.4534688,7,1.000000,CLEAN,12.000000,1.081462,0.700030,1.000000,1.000000,73.000000,1.307466,0.467847,1.000000,0.928000
5600,56.000000000,55.990000000,5599,1,REST_MEASUREMENT,CLEAN_LOCAL,1.000000,1.000000,0,0,1.01592386,0.00354166981,0.022782445,1.45813739,1.54954278,2.47637367,3.52011085,0.240950495,0.498664379,0,0,0,1,1,450,100,1,12.445316,13.000000,19.000000,none,0,70,9.47787762,Y,0.207421944,VALID,1,73.546211,73.546211,79,10.4019451,Z,74.000000,10.4019451,72.000000,8.7610817,1,6,74.000000,10.4019451,6,66.000000,0.46446979,0,80.000000,1.53245509,0,1.000000,CLEAN,13.000000,1.099172,0.613696,1.000000,1.000000,74.000000,1.301886,0.659226,1.000000,0.928000
5700,57.000000000,56.990000000,5699,1,REST_MEASUREMENT,CLEAN_LOCAL,1.000000,1.000000,0,0,1.01548493,0.00405341387,0.02313447,1.45092535,1.53234756,2.47365141,3.39118648,0.270450085,0.608968735,0,0,0,1,1,450,100,1,11.939456,11.000000,19.000000,none,0,67,13.7359619,Y,0.198990926,VALID,1,73.245796,73.245796,79,9.17020035,X,73.000000,9.17020035,75.000000,4.58578777,1,6,73.000000,9.17020035,6,69.000000,0.422140896,0,79.000000,2.67941785,0,1.000000,CLEAN,11.000000,1.117160,0.656720,1.000000,1.000000,73.000000,1.205829,0.610488,1.000000,0.967600
5800,58.000000000,57.990000000,5799,1,REST_MEASUREMENT,CLEAN_LOCAL,1.000000,1.000000,0,0,1.01584005,0.00362499151,0.0213080645,1.24037874,1.32695794,2.26225996,3.36558938,0.256558806,0.516104698,0,0,0,1,1,450,100,1,11.960647,12.000000,21.000000,none,0,76,9.40325451,Y,0.199344113,VALID,1,73.110611,73.110611,80,9.53568935,X,73.000000,9.53568935,75.000000,3.77691174,1,6,73.000000,9.53568935,6,69.000000,0.555135012,0,81.000000,1.69977999,0,1.000000,CLEAN,12.000000,1.101805,0.792491,1.000000,1.000000,73.000000,1.258004,0.620090,1.000000,0.928000
5900,59.000000000,58.990000000,5899,1,REST_MEASUREMENT,CLEAN_LOCAL,1.000000,1.000000,0,0,1.01572776,0.00280955993,0.0206387043,1.22572744,1.33567071,2.33893585,3.59545159,0.222064361,0.375342369,0,0,0,1,1,450,100,1,11.624420,11.000000,21.000000,none,0,66,8.29546261,Y,0.193740338,VALID,1,73.049774,73.049774,80,8.17786694,X,73.000000,8.17786694,73.000000,8.17786694,0,0,73.000000,8.17786694,0,69.000000,0.563296616,6,66.000000,0.761784315,0,1.000000,CLEAN,11.000000,1.081102,0.572970,1.000000,1.000000,73.000000,1.348098,0.807991,1.000000,1.000000
6000,60.000000000,59.990000000,5999,1,REST_MEASUREMENT,CLEAN_LOCAL,1.000000,1.000000,0,0,1.01552844,0.00275245262,0.0198441744,1.24800074,1.35983813,2.41274786,3.77803469,0.213151991,0.365924835,0,0,0,1,1,450,100,1,11.405873,11.000000,22.000000,none,0,72,11.0793037,Y,0.190097883,VALID,1,73.022400,73.022400,74,7.0218544,Z,73.000000,7.0218544,73.000000,7.0218544,0,0,73.000000,7.0218544,0,78.000000,1.73112321,7,81.000000,1.17220366,7,1.000000,CLEAN,11.000000,1.090639,0.778864,1.000000,1.000000,73.000000,1.302331,0.890003,1.000000,1.000000
6100,61.000000000,60.990000000,6099,1,REST_MEASUREMENT,CLEAN_LOCAL,1.000000,1.000000,0,0,1.01598918,0.00349516561,0.0246100426,1.34333491,1.43123353,2.31894827,3.77803469,0.229559645,0.532519817,0,0,0,1,1,450,100,1,11.613817,12.000000,19.000000,none,0,72,8.89343834,Y,0.193563625,VALID,1,73.010078,73.010078,70,6.41659403,Z,73.000000,6.41659403,73.000000,6.41659403,0,0,73.000000,6.41659403,0,76.000000,4.16142654,0,68.000000,0.40044111,6,1.000000,CLEAN,12.000000,1.108027,0.740798,1.000000,1.000000,73.000000,1.325667,0.656944,1.000000,1.000000
6200,62.000000000,61.990000000,6199,1,REST_MEASUREMENT,CLEAN_LOCAL,1.000000,1.000000,0,0,1.01581609,0.00391756324,0.0217705965,1.37827647,1.44773293,2.31894827,3.06336236,0.273703545,0.61467886,0,0,0,1,1,450,100,1,11.398981,11.000000,23.000000,none,0,72,11.6300182,Y,0.189983025,VALID,1,72.454536,72.454536,65,6.26615143,Z,72.000000,6.26615143,72.000000,6.26615143,0,0,72.000000,6.26615143,0,76.000000,4.85300875,0,74.000000,3.55573773,0,1.000000,CLEAN,11.000000,1.101352,0.750070,1.000000,1.000000,72.000000,1.331470,0.349390,1.000000,1.000000
6300,63.000000000,62.990000000,6299,1,REST_MEASUREMENT,CLEAN_LOCAL,1.000000,1.000000,0,0,1.01584315,0.00363665191,0.0169247389,1.30653882,1.39815855,2.38046646,3.41122079,0.275869071,0.61467886,0,0,0,1,1,450,100,1,11.959337,13.000000,22.000000,none,0,62,10.4818773,Y,0.199322283,----,0,72.454536,72.454536,25,7.21107292,X,83.000000,7.21107292,79.000000,1.97353828,1,7,83.000000,7.21107292,7,72.000000,4.33817339,6,79.000000,1.97353828,0,1.000000,CLEAN,13.000000,1.101649,0.624517,0.820000,1.000000,83.000000,1.521795,0.225076,0.500000,0.992800
6400,64.000000000,63.990000000,6399,1,REST_MEASUREMENT,CLEAN_LOCAL,1.000000,1.000000,0,0,1.0161047,0.00298702484,0.0191588402,1.2562511,1.35394228,2.22127676,3.46284485,0.234206676,0.404250622,0,0,0,1,1,450,100,1,11.973569,12.000000,22.000000,none,0,76,10.1898174,Y,0.19955948,----,0,72.454536,72.454536,26,7.05407906,X,83.000000,7.05407906,75.000000,4.11205816,1,7,83.000000,7.05407906,7,71.000000,5.22315836,6,75.000000,4.11205816,0,1.000000,CLEAN,12.000000,1.097787,0.752443,1.000000,1.000000,83.000000,1.526569,0.403095,0.500000,0.984000
6500,65.000000000,64.990000000,6499,1,REST_MEASUREMENT,CLEAN_LOCAL,1.000000,1.000000,0,0,1.01563454,0.00279021729,0.0194911957,1.26744282,1.35991228,2.22127676,3.49199557,0.214065716,0.337779522,0,0,0,1,1,450,100,1,11.982820,12.000000,29.000000,none,0,77,10.5938683,Y,0.199713662,VALID_LOW,0,72.204544,72.204544,53,4.04914522,Z,83.000000,5.68581104,77.000000,1.49157608,1,6,72.000000,4.04914522,6,83.000000,5.68581104,7,77.000000,1.49157608,0,1.000000,CLEAN,12.000000,1.098270,0.895068,1.000000,1.000000,72.000000,1.231744,0.489916,1.000000,0.928000
6600,66.000000000,65.990000000,6599,1,REST_MEASUREMENT,CLEAN_LOCAL,1.000000,1.000000,0,0,1.01512897,0.00316737848,0.0165574551,1.35623944,1.42489135,2.1218164,3.49199557,0.219558299,0.503444672,0,0,0,1,1,450,100,1,11.988832,12.000000,26.000000,none,0,76,10.2215099,X,0.199813873,VALID,1,71.542046,71.542046,68,7.09181356,Z,71.000000,7.09181356,80.000000,1.28957725,1,6,71.000000,7.09181356,6,80.000000,1.28957725,0,83.000000,5.2233963,7,1.000000,CLEAN,12.000000,1.118492,0.690645,1.000000,1.000000,71.000000,1.380217,0.324696,1.000000,0.928000
6700,67.000000000,66.990000000,6699,1,REST_MEASUREMENT,CLEAN_LOCAL,1.000000,1.000000,0,0,1.01527941,0.0036147614,0.0204172134,1.30347753,1.35572422,2.04282045,2.88726139,0.266096681,0.587821007,0,0,0,1,1,450,100,1,11.642741,11.000000,27.000000,none,0,69,10.0365953,Y,0.194045693,VALID,1,71.243919,71.243919,72,7.35980129,Z,71.000000,7.35980129,76.000000,3.522856,1,6,71.000000,7.35980129,6,76.000000,3.522856,0,67.000000,1.37900472,0,1.000000,CLEAN,11.000000,1.085915,0.663907,1.000000,1.000000,71.000000,1.463962,0.274464,1.000000,0.967600
6800,68.000000000,67.990000000,6799,1,REST_MEASUREMENT,CLEAN_LOCAL,1.000000,1.000000,0,0,1.01586485,0.00352564221,0.0212359428,1.24260938,1.33639956,2.19590116,3.55800223,0.27022928,0.587821007,0,0,0,1,1,450,100,1,11.767782,13.000000,21.000000,none,0,72,8.23790932,Y,0.196129709,VALID,1,71.109764,71.109764,76,7.90706968,Z,71.000000,7.90706968,75.000000,2.595999,1,6,71.000000,7.90706968,6,75.000000,2.595999,0,79.000000,1.82327342,0,1.000000,CLEAN,12.000000,1.085708,0.926879,1.000000,1.000000,71.000000,1.464372,0.347940,1.000000,0.928000
6900,69.000000000,68.990000000,6899,1,REST_MEASUREMENT,CLEAN_LOCAL,1.000000,1.000000,0,0,1.01568842,0.00290895533,0.0186971426,1.26738012,1.38121414,2.52335501,3.55800223,0.221536279,0.40999651,0,0,0,1,1,450,100,1,12.199059,13.000000,29.000000,none,0,68,9.09119225,X,0.203317642,VALID_LOW,0,71.049393,71.049393,60,5.35577631,Z,60.000000,5.4273653,77.000000,4.54278374,1,6,71.000000,5.35577631,6,77.000000,4.54278374,0,84.000000,5.32811308,7,1.000000,CLEAN,13.000000,1.094185,0.733335,1.000000,1.000000,71.000000,1.250921,0.355983,1.000000,0.967600
7000,70.000000000,69.990000000,6999,1,REST_MEASUREMENT,CLEAN_LOCAL,1.000000,1.000000,0,0,1.01559496,0.00353721692,0.0242729187,1.60602474,1.7997191,3.38928962,3.7009294,0.217040598,0.398981571,0,0,0,1,1,450,100,1,12.479388,13.000000,22.000000,none,0,65,8.66583157,Y,0.207989797,VALID_LOW,0,71.572227,71.572227,55,5.35138845,Z,60.000000,6.7365346,72.000000,5.35138845,0,0,72.000000,5.35138845,0,65.000000,0.6099841,0,76.000000,2.05215383,6,0.900000,MILD,13.000000,1.129646,0.859969,1.000000,1.000000,72.000000,1.351357,0.288985,1.000000,1.000000
7100,71.000000000,70.990000000,7099,1,REST_MEASUREMENT,CLEAN_LOCAL,1.000000,1.000000,0,0,1.01498711,0.00461407285,0.0260546207,2.67845368,2.99507928,5.20810986,6.11299467,0.256276429,0.5235672,0,0,0,1,1,450,100,1,12.661602,13.000000,20.000000,none,0,64,9.61987495,Y,0.211026698,VALID_LOW,0,71.257500,71.257500,57,6.07472515,Z,60.000000,7.82337141,71.000000,6.07472515,0,0,71.000000,6.07472515,0,74.000000,5.16743851,6,78.000000,4.5976038,6,0.900000,MILD,13.000000,1.098233,0.653458,1.000000,1.000000,71.000000,1.363113,0.208063,1.000000,1.000000
7200,72.000000000,71.990000000,7199,1,REST_MEASUREMENT,CLEAN_LOCAL,1.000000,1.000000,0,0,1.01496971,0.00424195128,0.0236420631,3.10629821,3.41996813,5.34390068,6.11299467,0.248362988,0.492477417,0,0,0,1,1,450,100,1,12.080041,11.000000,15.000000,none,0,58,13.8750896,Z,0.201334015,VALID_LOW,0,72.215874,72.215874,46,4.04910898,Z,60.000000,4.71635771,78.000000,3.6454432,1,6,73.000000,4.04910898,6,78.000000,3.6454432,0,69.000000,2.92434764,0,0.900000,MILD,11.000000,1.142847,0.910939,0.820000,1.000000,73.000000,1.172334,0.539141,1.000000,0.919000
7300,73.000000000,72.990000000,7299,1,REST_MEASUREMENT,CLEAN_LOCAL,1.000000,1.000000,0,0,1.01616573,0.00326806866,0.0193718672,3.17622519,3.38949466,5.01299429,5.8640213,0.216864154,0.416898727,0,0,0,1,1,450,100,1,12.052027,12.000000,10.000000,none,0,56,6.90695286,Z,0.200867116,VALID_LOW,0,72.647141,72.647141,53,5.15819597,Z,61.000000,5.1584692,78.000000,3.60753632,1,6,73.000000,5.15819597,6,78.000000,3.60753632,0,75.000000,3.36789346,0,0.900000,MILD,12.000000,1.094129,0.293809,1.000000,1.000000,73.000000,1.281489,0.450218,1.000000,0.919000
7400,74.000000000,73.990000000,7399,1,REST_MEASUREMENT,CLEAN_LOCAL,1.000000,1.000000,0,0,1.01616359,0.00278971787,0.0153325796,2.52218914,2.79152036,4.15651703,5.8640213,0.204222232,0.408935547,0,0,0,1,1,450,100,1,11.683817,11.000000,18.000000,none,0,55,7.83510733,Z,0.194730282,VALID_LOW,0,72.291214,72.291214,55,5.31345701,Z,72.000000,5.31345701,73.000000,5.30874777,1,6,72.000000,5.31345701,6,74.000000,3.98073769,0,77.000000,4.06425953,0,0.900000,MILD,11.000000,1.063495,0.395565,1.000000,1.000000,72.000000,1.319788,0.485688,1.000000,0.919000
7500,75.000000000,74.990000000,7499,1,REST_MEASUREMENT,CLEAN_LOCAL,1.000000,1.000000,0,0,1.01602399,0.00283138477,0.0181363821,1.62220275,1.79492116,2.79170251,5.15126848,0.195077747,0.414896011,0,0,0,1,1,450,100,1,11.444481,8.000000,8.000000,none,0,68,9.24875927,Z,0.190741345,VALID_LOW,0,72.131042,72.131042,59,4.20935726,Z,62.000000,5.35001755,72.000000,4.20935726,0,0,72.000000,4.20935726,0,75.000000,3.71322179,0,77.000000,3.16624665,0,1.000000,CLEAN,11.000000,1.070240,0.319138,1.000000,1.000000,72.000000,1.232178,0.914214,1.000000,1.000000
7600,76.000000000,75.990000000,7599,1,REST_MEASUREMENT,CLEAN_LOCAL,1.000000,1.000000,0,0,1.01582754,0.0035321617,0.0218670368,1.56390381,1.73394465,2.92722487,5.15126848,0.226119325,0.491583347,0,0,0,1,1,450,100,1,11.288913,11.000000,8.000000,none,0,69,9.99497414,Z,0.188148543,VALID_LOW,0,72.058968,72.058968,58,4.71524525,X,62.000000,5.93320847,72.000000,4.71524525,0,0,72.000000,4.71524525,0,75.000000,3.13224411,0,62.000000,5.93320847,0,1.000000,CLEAN,11.000000,1.072717,0.283761,1.000000,1.000000,72.000000,1.063100,0.844229,1.000000,1.000000
7700,77.000000000,76.990000000,7699,1,REST_MEASUREMENT,CLEAN_LOCAL,1.000000,1.000000,0,0,1.01526642,0.00384566584,0.0217196941,1.53767169,1.8349601,4.14606047,4.9255662,0.246808589,0.504946709,0,0,0,1,1,450,100,1,11.187794,8.000000,8.000000,none,0,65,10.6199131,Z,0.186463222,VALID_LOW,0,71.476532,71.476532,55,5.44090414,X,71.000000,5.44090414,72.000000,5.29940271,0,0,71.000000,5.44090414,0,75.000000,3.78501773,0,67.000000,1.83477044,6,0.900000,MILD,11.000000,1.082356,0.514980,1.000000,1.000000,71.000000,1.096019,0.841613,1.000000,1.000000
7800,78.000000000,77.990000000,7799,1,REST_MEASUREMENT,CLEAN_LOCAL,1.000000,1.000000,0,0,1.01555455,0.00382077903,0.0205934048,2.90275168,3.3119092,4.94415283,5.33575678,0.245594636,0.468432903,0,0,0,1,1,450,100,1,11.472066,12.000000,8.000000,none,0,63,8.80111217,Z,0.191201106,VALID_LOW,0,71.764442,71.764442,57,5.22747707,Z,72.000000,5.22747707,72.000000,5.22747707,0,0,72.000000,5.22747707,0,70.000000,4.75984287,6,77.000000,3.00108314,0,0.900000,MILD,12.000000,1.081915,0.511892,1.000000,1.000000,72.000000,1.418875,0.594566,1.000000,1.000000
7900,79.000000000,78.990000000,7899,1,REST_MEASUREMENT,CLEAN_LOCAL,1.000000,1.000000,0,0,1.01602209,0.00350914826,0.0195531845,2.82459259,3.21109915,4.94415283,5.33575678,0.223400354,0.451982021,0,0,0,1,1,450,100,1,11.656843,12.000000,9.000000,none,0,64,11.5333338,Z,0.194280714,----,0,72.799820,72.799820,39,3.91004348,X,120.000000,5.7551837,74.000000,3.61845446,0,0,75.000000,3.91004348,0,64.000000,2.0493288,0,68.000000,3.7638464,6,0.900000,MILD,12.000000,1.101149,0.627840,1.000000,1.000000,75.000000,1.104102,0.617768,0.850000,1.000000
8000,80.000000000,79.990000000,7999,1,REST_MEASUREMENT,CLEAN_LOCAL,1.000000,1.000000,0,0,1.01597846,0.00318265031,0.0153993368,1.64985108,1.83228493,2.91596937,4.67518663,0.202467129,0.419187546,0,0,0,1,1,450,100,1,11.426949,11.000000,13.000000,none,0,62,15.2351961,Z,0.190449148,----,0,73.823875,73.823875,44,4.4222374,Y,120.000000,5.67595911,76.000000,4.4222374,0,0,76.000000,4.4222374,0,68.000000,3.66731858,6,79.000000,1.168733,7,0.900000,MILD,11.000000,1.118347,0.333437,1.000000,1.000000,76.000000,1.281836,0.590384,0.850000,1.000000
8100,81.000000000,80.990000000,8099,1,REST_MEASUREMENT,CLEAN_LOCAL,1.000000,1.000000,0,0,1.01561368,0.00330038555,0.0186823606,2.84641242,3.14257383,5.00131178,5.45418453,0.214302555,0.461602211,0,0,0,1,1,450,100,0,11.977516,13.000000,8.000000,none,0,54,9.43122101,X,0.199625269,VALID_LOW,0,74.520233,74.520233,50,4.26558399,Y,120.000000,5.88448668,76.000000,4.26558399,0,0,76.000000,4.26558399,0,66.000000,4.19853926,0,69.000000,4.96568203,0,0.900000,MILD,13.000000,1.087379,0.458510,0.820000,1.000000,76.000000,1.330750,0.815391,1.000000,1.000000
8200,82.000000000,81.990000000,8199,1,REST_MEASUREMENT,CLEAN_LOCAL,1.000000,1.000000,0,0,1.01535332,0.00325676613,0.0186823606,3.0605309,3.30093527,5.00131178,5.45418453,0.211197868,0.461602211,0,0,0,1,1,450,100,1,11.985386,12.000000,15.000000,none,0,66,10.6166992,X,0.199756429,----,0,73.073761,73.073761,44,3.98472381,Z,120.000000,5.0697999,76.000000,3.8723321,1,6,70.000000,3.98472381,6,76.000000,3.8723321,0,79.000000,2.40445042,0,0.900000,MILD,12.000000,1.090668,0.385630,1.000000,1.000000,70.000000,1.468442,0.999183,0.850000,0.967600
8300,83.000000000,82.990000000,8299,1,REST_MEASUREMENT,CLEAN_LOCAL,1.000000,1.000000,0,0,1.01586819,0.00339078181,0.0215445757,2.13772416,2.25343084,3.40684152,4.69155073,0.233621389,0.447273254,0,0,0,1,1,450,100,0,11.990500,12.000000,17.000000,none,0,53,5.94604063,X,0.199841678,VALID_LOW,0,74.010155,74.010155,50,4.75456333,Y,120.000000,7.9238534,76.000000,4.75456333,0,0,76.000000,4.75456333,0,71.000000,3.4715867,6,79.000000,3.83486438,0,0.900000,MILD,12.000000,1.063834,0.537968,1.000000,1.000000,76.000000,1.373277,0.586084,1.000000,1.000000
8400,84.000000000,83.990000000,8399,1,REST_MEASUREMENT,CLEAN_LOCAL,1.000000,1.000000,0,0,1.01565707,0.00357207982,0.0222761631,1.89974833,1.98945093,2.85602736,4.26158237,0.260924846,0.471842289,0,0,0,1,1,450,100,0,11.993825,17.000000,17.000000,none,0,45,4.17561674,Z,0.199897081,VALID_LOW,0,75.104568,75.104568,51,4.30884314,Y,120.000000,6.19307947,76.000000,4.30884314,0,0,76.000000,4.30884314,0,71.000000,4.63566256,6,79.000000,4.02812099,0,0.900000,MILD,12.000000,1.051595,0.615211,1.000000,1.000000,76.000000,1.395162,0.639385,1.000000,1.000000
8500,85.000000000,84.990000000,8499,1,REST_MEASUREMENT,CLEAN_LOCAL,1.000000,1.000000,0,0,1.01545858,0.0032486422,0.0222433805,2.27711773,2.43220544,3.77622056,4.66553068,0.239382505,0.46749115,0,0,0,1,1,450,100,0,11.993825,17.000000,17.000000,none,0,38,4.03470039,Z,0.199897081,VALID_LOW,0,75.597054,75.597054,50,2.64003968,Y,120.000000,8.89388847,76.000000,2.64003968,0,0,76.000000,2.64003968,0,69.000000,4.45430517,0,71.000000,3.43208361,6,0.900000,MILD,13.000000,1.043385,0.586319,1.000000,1.000000,76.000000,1.534790,0.952883,1.000000,1.000000
8600,86.000000000,85.990000000,8599,1,REST_MEASUREMENT,CLEAN_LOCAL,1.000000,1.000000,0,0,1.01526511,0.00402936898,0.0190906525,2.29280829,2.45348907,3.77622056,4.66553068,0.258546233,0.530183315,0,0,0,1,1,450,100,0,12.345986,17.000000,17.000000,none,0,43,5.05102634,Z,0.205766439,VALID_LOW,0,75.818672,75.818672,56,3.82258439,Y,120.000000,10.0804682,80.000000,1.98838377,1,6,76.000000,3.82258439,6,80.000000,1.98838377,0,69.000000,4.53072882,0,0.900000,MILD,13.000000,1.048885,0.334302,1.000000,1.000000,76.000000,1.698542,0.701975,1.000000,0.967600
8700,87.000000000,86.990000000,8699,1,REST_MEASUREMENT,CLEAN_LOCAL,1.000000,1.000000,0,0,1.01515532,0.0046721492,0.0230200291,2.03946733,2.19164729,3.4893744,4.38579273,0.280418128,0.581073761,0,0,0,1,1,450,100,0,12.924891,16.000000,16.000000,none,0,42,5.58859253,Z,0.215414852,----,0,73.818672,73.818672,40,5.7636838,X,120.000000,8.04781246,69.000000,5.7636838,0,0,69.000000,5.7636838,0,75.000000,3.83775473,0,71.000000,3.27039671,0,0.900000,MILD,14.000000,1.051285,0.668601,0.820000,1.000000,69.000000,1.435531,0.179985,0.850000,1.000000
8800,88.000000000,87.990000000,8799,1,REST_MEASUREMENT,CLEAN_LOCAL,1.000000,1.000000,0,0,1.01574194,0.00411440711,0.0230200291,2.53171086,2.69644237,4.38579273,5.25659513,0.248365134,0.510847569,0,0,0,1,1,450,100,0,13.339913,15.000000,8.000000,none,0,45,7.30917931,Z,0.222331896,VALID_LOW,0,72.276695,72.276695,47,6.00603437,X,69.000000,6.00603437,76.000000,5.26946831,1,5,69.000000,6.00603437,5,76.000000,5.26946831,0,72.000000,3.61945987,0,0.900000,MILD,15.000000,1.065618,0.733840,0.820000,1.000000,69.000000,1.483580,0.348859,0.850000,0.949600
8900,89.000000000,88.990000000,8899,1,REST_MEASUREMENT,CLEAN_LOCAL,1.000000,1.000000,0,0,1.01621199,0.00381443719,0.02250278,2.16960216,2.38540173,4.27421141,5.25659513,0.227921218,0.411391258,0,0,0,1,1,450,100,0,13.871931,16.000000,19.000000,none,0,43,7.59233189,Y,0.231198847,VALID_LOW,0,70.908150,70.908150,49,5.49924994,X,120.000000,8.99952793,74.000000,5.04848623,1,5,68.000000,5.49924994,5,74.000000,5.04848623,0,78.000000,4.07803202,0,0.900000,MILD,16.000000,1.078038,0.876264,0.820000,1.000000,68.000000,1.593225,0.509489,0.850000,0.949600
9000,90.000000000,89.990000000,8999,1,REST_MEASUREMENT,CLEAN_LOCAL,1.000000,1.000000,0,0,1.01584089,0.00430741068,0.0275099277,1.77940428,1.87489128,2.70137024,3.53098011,0.234565079,0.418388844,0,0,0,1,1,450,100,0,14.497545,17.000000,19.000000,none,0,30,5.81222916,Y,0.241625756,VALID_LOW,0,71.508667,71.508667,54,5.79832315,Z,119.000000,6.30155802,68.000000,2.55552387,1,5,72.000000,5.79832315,5,68.000000,2.55552387,0,77.000000,4.2064395,0,0.900000,MILD,17.000000,1.100406,0.752041,0.480000,1.000000,72.000000,1.355303,0.152465,1.000000,0.949600
9100,91.000000000,90.990000000,9099,1,REST_MEASUREMENT,CLEAN_LOCAL,1.000000,1.000000,0,0,1.0146594,0.00470082555,0.0275748968,2.29963899,2.49504566,3.96097732,5.31327486,0.25037694,0.499367714,0,0,0,1,1,450,100,0,14.998036,17.000000,8.000000,none,0,46,7.9765563,Y,0.249967277,VALID_LOW,0,72.328903,72.328903,48,5.27526093,Z,74.000000,5.56723452,72.000000,3.61693954,1,5,73.000000,5.27526093,5,76.000000,5.24559975,5,64.000000,1.20906675,0,0.900000,MILD,17.000000,1.113212,0.880326,0.820000,1.000000,73.000000,1.152554,0.117218,1.000000,0.949600
9200,92.000000000,91.990000000,9199,1,REST_MEASUREMENT,CLEAN_LOCAL,1.000000,1.000000,0,0,1.01530993,0.00458676601,0.0260298252,2.17948604,2.45553184,4.4485383,5.31327486,0.25880608,0.526511669,0,0,0,1,1,450,100,0,15.598429,18.000000,10.000000,none,0,36,7.55061054,Y,0.259973824,----,0,73.503654,73.503654,41,5.49269152,Z,76.000000,5.49269152,75.000000,5.4722805,1,5,76.000000,5.49269152,5,67.000000,1.83633924,0,86.000000,3.66815996,0,0.900000,MILD,18.000000,1.099181,0.864042,0.480000,1.000000,76.000000,1.055622,0.236159,0.850000,0.949600
9300,93.000000000,92.990000000,9299,1,REST_MEASUREMENT,CLEAN_LOCAL,1.000000,1.000000,0,0,1.01622915,0.00405643089,0.0220329762,1.7519933,1.99009192,3.49752712,5.01811552,0.250230312,0.429034233,0,0,0,1,1,450,100,0,16.278744,19.000000,13.000000,none,0,36,8.11859703,Y,0.271312386,VALID_LOW,0,73.776642,73.776642,56,6.69009256,Z,74.000000,6.69009256,74.000000,6.69009256,0,0,74.000000,6.69009256,0,86.000000,4.05873394,0,69.000000,1.54963148,0,0.900000,MILD,19.000000,1.093064,0.932365,0.480000,1.000000,74.000000,1.092152,0.160833,1.000000,1.000000
9400,94.000000000,93.990000000,9399,1,REST_MEASUREMENT,CLEAN_LOCAL,1.000000,1.000000,0,0,1.01621294,0.00364836282,0.0208551884,2.31854439,2.52437735,3.8198235,5.23505259,0.243398875,0.432467461,0,0,0,1,1,450,100,0,17.022995,20.000000,8.000000,none,0,31,6.78954268,Y,0.283716589,VALID_LOW,0,74.449486,74.449486,56,7.04200125,Z,75.000000,7.04200125,75.000000,7.04200125,0,0,75.000000,7.04200125,0,70.000000,2.12017655,4,66.000000,1.13123786,4,0.900000,MILD,20.000000,1.064912,0.939908,0.480000,1.000000,75.000000,1.088266,0.193390,1.000000,1.000000
9500,95.000000000,94.990000000,9499,1,REST_MEASUREMENT,CLEAN_LOCAL,1.000000,1.000000,0,0,1.01573634,0.00396998785,0.0252264738,2.5601337,2.68394208,3.86283517,5.23505259,0.249413237,0.461935997,0,0,0,1,1,450,100,0,17.618397,20.000000,11.000000,none,0,44,8.65603828,Y,0.293639958,VALID,1,74.752266,74.752266,68,12.1323309,Z,75.000000,12.1323309,75.000000,12.1323309,0,0,75.000000,12.1323309,0,82.000000,1.68033159,0,86.000000,4.32877493,5,0.900000,MILD,20.000000,1.076858,0.700971,0.820000,1.000000,75.000000,1.264510,0.062401,1.000000,1.000000
9600,96.000000000,95.990000000,9599,1,REST_MEASUREMENT,CLEAN_LOCAL,1.000000,1.000000,0,0,1.01515412,0.00424916157,0.0252264738,2.40035319,2.54056454,3.82119608,4.37122726,0.243724346,0.485229492,0,0,0,1,1,450,100,0,17.618397,10.000000,24.000000,none,0,40,3.06548285,Z,0.293639958,VALID,1,74.888519,74.888519,71,11.8738003,Z,75.000000,11.8738003,75.000000,11.8738003,0,0,75.000000,11.8738003,0,118.000000,6.8619194,0,79.000000,1.24967766,0,0.900000,MILD,17.000000,1.105190,0.884303,1.000000,1.000000,75.000000,1.341039,0.156118,1.000000,1.000000
9700,97.000000000,96.990000000,9699,1,REST_MEASUREMENT,CLEAN_LOCAL,1.000000,1.000000,0,0,1.01543283,0.00358432392,0.0189040899,1.87067378,2.1193893,3.61893702,4.07869244,0.235398218,0.475549698,0,0,0,1,1,450,100,0,17.618397,23.000000,23.000000,none,0,27,3.02901125,Z,0.293639958,VALID,1,74.949837,74.949837,70,10.871398,Z,75.000000,10.871398,75.000000,10.871398,0,0,75.000000,10.871398,0,78.000000,1.29364812,0,118.000000,6.49492407,0,0.900000,MILD,15.000000,1.126310,0.875558,0.820000,1.000000,75.000000,1.330037,0.111783,1.000000,1.000000
9800,98.000000000,97.990000000,9799,1,REST_MEASUREMENT,CLEAN_LOCAL,1.000000,1.000000,0,0,1.01565516,0.0036745246,0.0211105347,1.83179545,2.08552194,3.52115488,4.22821522,0.241515815,0.475549698,0,0,0,1,1,450,100,0,17.618397,13.000000,24.000000,none,0,16,4.75851202,Z,0.293639958,VALID_LOW,0,74.427429,74.427429,62,7.38375044,Z,74.000000,7.38375044,74.000000,7.38375044,0,0,74.000000,7.38375044,0,70.000000,1.9105103,4,68.000000,1.33437157,4,0.900000,MILD,13.000000,1.134243,0.629470,0.480000,1.000000,74.000000,1.308602,0.118420,1.000000,1.000000
9900,99.000000000,98.990000000,9899,1,REST_MEASUREMENT,CLEAN_LOCAL,1.000000,1.000000,0,0,1.01542425,0.00402609073,0.021404624,2.86105371,3.04460025,4.32873011,4.90323305,0.241568193,0.444173813,0,0,0,1,1,450,100,0,17.618397,13.000000,15.000000,none,0,17,5.49875927,Z,0.293639958,VALID,1,74.192345,74.192345,70,9.50349712,Z,74.000000,9.50349712,74.000000,9.50349712,0,0,74.000000,9.50349712,0,70.000000,2.06097603,4,79.000000,0.998968244,0,0.900000,MILD,13.000000,1.154955,0.512184,0.480000,1.000000,74.000000,1.397648,0.045767,1.000000,1.000000
10000,100.000000000,99.990000000,9999,1,REST_MEASUREMENT,CLEAN_LOCAL,1.000000,1.000000,0,0,1.01566958,0.00409920141,0.0246351957,2.37101603,2.66601062,4.32873011,4.90323305,0.26706776,0.504243374,0,0,0,1,1,450,100,0,17.618397,12.000000,20.000000,none,0,11,4.6439147,Z,0.293639958,VALID_LOW,0,74.086555,74.086555,64,7.45314264,Z,74.000000,7.45314264,74.000000,7.45314264,0,0,74.000000,7.45314264,0,82.000000,1.17126751,0,69.000000,2.44096971,4,0.900000,MILD,12.000000,1.067057,0.569382,0.480000,1.000000,74.000000,1.349314,0.082188,1.000000,1.000000
10100,101.000000000,100.990000000,10099,1,REST_MEASUREMENT,CLEAN_LOCAL,1.000000,1.000000,0,0,1.01496577,0.0041794125,0.0267584324,1.80151093,1.91895247,2.78203225,3.41948175,0.275761038,0.550842285,0,0,0,1,1,450,100,0,17.618397,10.000000,15.000000,none,0,11,9.97071743,Z,0.293639958,VALID_LOW,0,74.038948,74.038948,64,7.18635511,Z,74.000000,7.18635511,74.000000,7.18635511,0,0,74.000000,7.18635511,0,78.000000,1.56075358,0,69.000000,2.83805537,4,0.900000,MILD,9.000000,1.037292,0.936556,0.220000,1.000000,74.000000,1.420578,0.097671,1.000000,1.000000
10200,102.000000000,101.990000000,10199,1,REST_MEASUREMENT,CLEAN_LOCAL,1.000000,1.000000,0,0,1.01473534,0.00427665981,0.0273610353,2.09537792,2.16162109,2.96294427,3.5509696,0.282131314,0.581383705,0,0,0,1,1,450,100,0,17.618397,8.000000,14.000000,none,0,11,14.0489922,Y,0.293639958,VALID_LOW,0,74.017525,74.017525,50,4.78439951,Z,60.000000,6.07975435,74.000000,4.78439951,0,0,74.000000,4.78439951,0,69.000000,3.5648632,4,78.000000,1.4164052,0,0.900000,MILD,8.000000,1.118416,0.749087,0.220000,1.000000,74.000000,1.227323,0.135290,1.000000,1.000000
10300,103.000000000,102.990000000,10299,1,REST_MEASUREMENT,CLEAN_LOCAL,1.000000,1.000000,0,0,1.01562572,0.00479929475,0.0259521008,1.84863102,1.9729799,2.96294427,4.3699398,0.273062915,0.560629368,0,0,0,1,1,450,100,0,17.618397,10.000000,18.000000,none,0,11,10.3185759,Y,0.293639958,VALID_LOW,0,74.007889,74.007889,53,4.87438726,Z,109.000000,6.99531221,74.000000,4.87438726,0,0,74.000000,4.87438726,0,76.000000,1.44875395,0,79.000000,1.57363415,0,0.900000,MILD,8.000000,1.101214,0.900449,0.220000,1.000000,74.000000,1.389464,0.175843,1.000000,1.000000
10400,104.000000000,103.990000000,10399,1,REST_MEASUREMENT,CLEAN_LOCAL,1.000000,1.000000,0,0,1.01547897,0.00434328569,0.0254611969,1.62186444,1.79132521,2.88812304,4.3699398,0.241538569,0.46248436,0,0,0,1,1,450,100,0,17.751957,10.000000,8.000000,none,0,47,4.44806623,X,0.295865953,VALID_LOW,0,74.003548,74.003548,54,3.87409091,Z,108.000000,5.79724216,74.000000,3.87409091,0,0,74.000000,3.87409091,0,78.000000,1.03374362,0,83.000000,4.28103733,0,1.000000,CLEAN,18.000000,1.146303,0.107784,1.000000,1.000000,74.000000,1.401724,0.178598,1.000000,1.000000
10500,105.000000000,104.990000000,10499,1,REST_MEASUREMENT,CLEAN_LOCAL,1.000000,1.000000,0,0,1.0158695,0.00380439195,0.0191618204,2.21257758,2.43024135,3.81664515,4.67891884,0.268052071,0.510323048,0,0,0,1,1,450,100,0,18.188772,10.000000,8.000000,none,0,45,5.69047785,X,0.303146213,----,0,74.003548,74.003548,43,3.59437585,Z,108.000000,5.84750557,78.000000,1.37925541,1,4,73.000000,3.59437585,4,78.000000,1.37925541,0,115.000000,5.18100405,0,0.900000,MILD,19.000000,1.140452,0.162368,1.000000,1.000000,73.000000,1.419523,0.098671,1.000000,0.901000
10600,106.000000000,105.990000000,10599,1,REST_MEASUREMENT,CLEAN_LOCAL,1.000000,1.000000,0,0,1.01628625,0.00467535853,0.0259279013,2.26582503,2.43506694,3.69945002,4.67891884,0.284452051,0.543653965,0,0,0,1,1,450,100,0,18.188772,10.000000,21.000000,none,0,41,4.05037928,X,0.303146213,----,0,74.003548,74.003548,9,8.08577538,Y,108.000000,8.19383526,77.000000,0.953644633,1,6,109.000000,8.08577538,6,77.000000,0.953644633,0,73.000000,2.99841666,4,0.900000,MILD,18.000000,1.115629,0.102912,1.000000,1.000000,109.000000,1.349209,0.152471,0.050000,0.967600
10700,107.000000000,106.990000000,10699,1,REST_MEASUREMENT,CLEAN_LOCAL,1.000000,1.000000,0,0,1.01489878,0.00481846323,0.0267994404,1.62333632,1.69102561,2.58101273,3.15468764,0.298849791,0.622701645,0,0,0,1,1,450,100,0,17.551018,9.000000,23.000000,none,0,26,4.00751114,Y,0.292516977,VALID_LOW,0,75.282410,75.282410,47,0.761544883,Z,114.000000,7.79006004,78.000000,0.761544883,0,0,78.000000,0.761544883,0,73.000000,3.57952118,0,114.000000,7.79006004,0,1.000000,CLEAN,15.000000,1.097360,0.612174,0.480000,1.000000,78.000000,1.820121,0.927649,0.850000,1.000000
10800,108.000000000,107.990000000,10799,1,REST_MEASUREMENT,CLEAN_LOCAL,1.000000,1.000000,0,0,1.01449406,0.00410537003,0.021236062,1.85185122,1.96374536,3.03025508,3.99156356,0.303082973,0.614154339,0,0,0,1,1,450,100,0,17.551018,8.000000,8.000000,none,0,32,3.00668621,Y,0.292516977,VALID_LOW,0,76.152039,76.152039,49,1.09098375,Z,114.000000,5.4482069,78.000000,1.09098375,0,0,78.000000,1.09098375,0,73.000000,3.45394039,0,81.000000,1.3130846,0,0.900000,MILD,19.000000,1.045231,0.445429,1.000000,1.000000,78.000000,1.951988,0.875708,1.000000,1.000000
10900,109.000000000,108.990000000,10899,1,REST_MEASUREMENT,CLEAN_LOCAL,1.000000,1.000000,0,0,1.01629436,0.0040204539,0.020083189,1.96207714,2.09799027,3.06067443,4.6908083,0.255683601,0.473296642,0,0,0,1,1,450,100,1,18.058161,19.000000,8.000000,none,0,55,7.86691618,Y,0.300969332,----,0,76.152039,76.152039,41,0.985741735,Y,93.000000,6.07673836,78.000000,0.985741735,0,0,78.000000,0.985741735,0,84.000000,1.23972726,0,81.000000,1.51395059,0,0.900000,MILD,19.000000,1.107901,0.464008,1.000000,1.000000,78.000000,1.347911,0.940861,1.000000,1.000000
11000,110.000000000,109.990000000,10999,1,REST_MEASUREMENT,CLEAN_LOCAL,1.000000,1.000000,0,0,1.01625133,0.00369185931,0.0190074444,1.73361111,1.87574589,2.86737108,4.6908083,0.223543167,0.407648087,0,0,0,1,1,450,100,0,18.737804,20.000000,28.000000,none,0,51,8.44825172,Y,0.312296748,----,0,76.152039,76.152039,10,9.32079029,Y,94.000000,9.32079029,81.000000,1.8288728,1,5,94.000000,9.32079029,5,81.000000,1.8288728,0,84.000000,0.808059275,0,0.900000,MILD,20.000000,1.100781,0.513759,0.820000,1.000000,94.000000,1.319186,0.120949,0.200000,0.874000
11100,111.000000000,110.990000000,11099,1,REST_MEASUREMENT,CLEAN_LOCAL,1.000000,1.000000,0,0,1.01503062,0.00348325679,0.0216059685,2.00623536,2.16479921,3.70459962,4.8916254,0.217247412,0.372934341,0,0,0,1,1,450,100,0,19.179573,10.000000,8.000000,none,0,50,6.12857676,Y,0.319659561,----,0,76.152039,76.152039,9,8.15763569,Y,94.000000,8.15763569,84.000000,0.569365203,1,5,94.000000,8.15763569,5,84.000000,0.569365203,0,73.000000,3.35524821,0,0.900000,MILD,20.000000,1.059690,0.838958,1.000000,1.000000,94.000000,1.250802,0.083392,0.200000,0.874000
11200,112.000000000,111.990000000,11199,1,REST_MEASUREMENT,CLEAN_LOCAL,1.000000,1.000000,0,0,1.01533139,0.00409624074,0.0273156166,2.37560558,2.50115156,3.70459962,4.8916254,0.246374503,0.495696068,0,0,0,1,1,450,100,1,19.116722,19.000000,10.000000,none,0,68,9.45902443,Y,0.318612039,VALID_LOW,0,75.143387,75.143387,45,4.26287842,Z,93.000000,7.47259951,73.000000,4.26287842,0,0,73.000000,4.26287842,0,69.000000,1.24459195,0,93.000000,7.47259951,0,0.900000,MILD,19.000000,1.089550,0.854217,1.000000,1.000000,73.000000,1.430045,0.596064,0.850000,1.000000
11300,113.000000000,112.990000000,11299,1,REST_MEASUREMENT,CLEAN_LOCAL,1.000000,1.000000,0,0,1.01533592,0.00434763962,0.0218298435,2.20842052,2.31413174,3.41440654,3.91869116,0.281953245,0.60890913,0,0,0,1,1,450,100,1,19.425869,20.000000,10.000000,none,0,62,11.6429424,Y,0.323764473,VALID_LOW,0,74.457504,74.457504,50,4.29316807,Z,94.000000,4.82794714,73.000000,4.29316807,0,0,73.000000,4.29316807,0,69.000000,1.54431188,0,81.000000,0.731120408,0,0.900000,MILD,20.000000,1.122375,0.492096,1.000000,1.000000,73.000000,1.483602,0.397051,1.000000,1.000000
11400,114.000000000,113.990000000,11399,1,REST_MEASUREMENT,CLEAN_LOCAL,1.000000,1.000000,0,0,1.01564777,0.00392143289,0.0194482803,2.20321512,2.30792856,3.30749989,4.13231659,0.265910357,0.555634499,0,0,0,1,1,450,100,0,19.976814,21.000000,11.000000,none,0,51,7.65102577,Y,0.332946897,VALID_LOW,0,74.457504,74.457504,45,3.47082233,Z,93.000000,5.43164396,74.000000,3.47082233,0,0,74.000000,3.47082233,0,82.000000,0.326779306,4,68.000000,1.60170662,0,0.900000,MILD,21.000000,1.106211,0.624192,0.820000,1.000000,74.000000,1.297148,0.215357,1.000000,1.000000
11500,115.000000000,114.990000000,11499,1,REST_MEASUREMENT,CLEAN_LOCAL,1.000000,1.000000,0,0,1.01560736,0.00422419095,0.020176053,2.2478869,2.39023018,3.68707395,4.13231659,0.22986114,0.432801247,0,0,0,1,1,450,100,0,19.984930,11.000000,11.000000,none,0,48,4.29560423,Y,0.333082169,VALID_LOW,0,74.205879,74.205879,48,3.70169234,Z,92.000000,5.55125284,74.000000,3.70169234,0,0,74.000000,3.70169234,0,82.000000,0.335367858,4,92.000000,5.55125284,0,0.900000,MILD,20.000000,1.060196,0.838274,1.000000,1.000000,74.000000,1.356463,0.294518,1.000000,1.000000
11600,116.000000000,115.990000000,11599,1,REST_MEASUREMENT,CLEAN_LOCAL,1.000000,1.000000,0,0,1.01499557,0.00399005413,0.0200940371,2.02325726,2.26189208,3.82449079,6.87760067,0.217385948,0.43233633,0,0,0,1,1,450,100,0,19.984930,11.000000,20.000000,none,0,12,12.1157188,X,0.333082169,----,0,74.205879,74.205879,10,6.90055275,X,89.000000,6.90055275,89.000000,6.90055275,0,0,89.000000,6.90055275,0,76.000000,1.14974391,0,67.000000,1.16802931,0,0.900000,MILD,11.000000,1.136430,0.119689,0.220000,1.000000,89.000000,1.322961,0.144503,0.500000,1.000000
11700,117.000000000,116.990000000,11699,1,REST_MEASUREMENT,CLEAN_LOCAL,1.000000,1.000000,0,0,1.01560223,0.00376168289,0.0225673914,2.53454304,2.90471983,5.35600805,6.87760067,0.236814693,0.44901371,0,0,0,1,1,450,100,0,19.984930,11.000000,20.000000,none,0,10,6.70066309,X,0.333082169,----,0,76.205879,76.205879,32,0.917780519,Y,90.000000,6.83690548,90.000000,6.83690548,1,4,82.000000,0.917780519,4,90.000000,6.83690548,0,74.000000,2.21442246,0,0.900000,MILD,11.000000,1.139807,0.172706,0.220000,1.000000,82.000000,2.067366,0.200583,0.850000,0.901000
11800,118.000000000,117.990000000,11799,1,REST_MEASUREMENT,CLEAN_LOCAL,1.000000,1.000000,0,0,1.01542461,0.00429652818,0.0225673914,2.61042809,2.97610664,5.35600805,5.69315767,0.2752226,0.543642044,0,0,0,1,1,450,100,0,19.984930,11.000000,22.000000,none,0,35,2.00539327,X,0.333082169,----,0,78.205879,78.205879,36,0.250641823,Y,106.000000,6.71327019,84.000000,0.250641823,0,0,84.000000,0.250641823,0,71.000000,0.972557902,0,90.000000,4.9286828,0,0.900000,MILD,19.000000,1.164964,0.992872,1.000000,1.000000,84.000000,2.154048,0.654105,0.850000,1.000000
11900,119.000000000,118.990000000,11899,1,REST_MEASUREMENT,CLEAN_LOCAL,1.000000,1.000000,0,0,1.01508474,0.00379211013,0.0194429159,1.85810864,2.13405752,4.24401188,5.55046654,0.264133781,0.546598434,0,0,0,1,1,450,100,0,19.984930,10.000000,19.000000,none,0,11,7.30053759,X,0.333082169,----,0,78.205879,78.205879,10,8.9174881,Z,106.000000,8.9174881,106.000000,8.9174881,0,0,106.000000,8.9174881,0,90.000000,4.46773815,0,79.000000,2.21144557,4,0.900000,MILD,10.000000,1.106059,0.383381,0.220000,1.000000,106.000000,1.521790,0.172381,0.050000,1.000000
12000,120.000000000,119.990000000,11999,1,REST_MEASUREMENT,CLEAN_LOCAL,1.000000,1.000000,0,0,1.01504505,0.00360694737,0.02301085,2.18150759,2.42219281,3.80623984,5.99635506,0.233028173,0.430738926,0,0,0,1,1,450,100,0,19.984930,10.000000,29.000000,none,0,30,1.59863174,Y,0.333082169,----,0,78.205879,78.205879,9,7.81812668,Z,106.000000,7.81812668,91.000000,4.86047888,0,0,106.000000,7.81812668,0,90.000000,5.02581358,0,116.000000,7.23778725,0,0.900000,MILD,21.000000,1.146774,0.591020,1.000000,0.750000,106.000000,1.470993,0.197328,0.050000,1.000000
12100,121.000000000,120.990000000,12099,1,REST_MEASUREMENT,CLEAN_LOCAL,1.000000,1.000000,0,0,1.01505888,0.00356667931,0.0216839314,2.99984765,3.11673403,4.30571127,5.99635506,0.227578595,0.430738926,0,0,0,1,1,450,100,0,19.984930,11.000000,11.000000,none,0,34,2.10857344,Y,0.333082169,VALID_LOW,0,80.205879,80.205879,62,8.19134045,Z,106.000000,8.19134045,106.000000,8.19134045,0,0,106.000000,8.19134045,0,86.000000,2.56872988,0,90.000000,4.30724382,0,0.900000,MILD,19.000000,1.219480,0.583512,1.000000,1.000000,106.000000,1.408275,0.279502,0.050000,1.000000
12200,122.000000000,121.990000000,12199,1,REST_MEASUREMENT,CLEAN_LOCAL,1.000000,1.000000,0,0,1.01579177,0.00358196767,0.0224505663,2.72776008,2.86705899,4.00513029,5.66710281,0.203173369,0.416779518,0,0,0,1,1,450,100,1,17.984930,11.000000,18.000000,none,0,64,9.03067875,Z,0.299748838,VALID_LOW,0,81.099998,81.099998,46,0.877308965,Y,106.000000,7.98112345,83.000000,0.877308965,0,0,83.000000,0.877308965,0,94.000000,1.17587197,0,106.000000,7.98112345,6,0.900000,MILD,11.000000,1.143600,0.659781,0.220000,1.000000,83.000000,1.850179,0.638123,1.000000,1.000000
12300,123.000000000,122.990000000,12299,1,REST_MEASUREMENT,CLEAN_LOCAL,1.000000,1.000000,0,0,1.01542366,0.00415649917,0.0256166458,2.54223561,2.67316651,3.91282558,4.48462915,0.225360677,0.493443012,0,0,0,1,1,450,100,0,17.984930,12.000000,16.000000,none,0,9,4.61895514,Z,0.299748838,VALID_LOW,0,81.595001,81.595001,52,1.50685573,Y,106.000000,4.68361855,82.000000,1.50685573,0,0,82.000000,1.50685573,0,80.000000,3.86273408,0,86.000000,1.26481879,0,0.900000,MILD,12.000000,1.060050,0.624495,0.480000,1.000000,82.000000,2.041673,0.393978,1.000000,1.000000
12400,124.000000000,123.990000000,12399,1,REST_MEASUREMENT,CLEAN_LOCAL,1.000000,1.000000,0,0,1.01509416,0.00404151948,0.0226765871,2.98802638,3.09397388,4.15181732,5.73285961,0.252040684,0.515973568,0,0,0,1,1,450,100,0,17.984930,11.000000,16.000000,none,0,11,7.08267736,Z,0.299748838,VALID_LOW,0,80.717751,80.717751,48,3.86864805,X,106.000000,5.72427654,80.000000,3.86864805,0,0,80.000000,3.86864805,0,76.000000,1.97987115,0,87.000000,1.11419141,0,0.900000,MILD,11.000000,1.052839,0.787333,0.220000,1.000000,80.000000,1.497873,0.107710,1.000000,1.000000
12500,125.000000000,124.990000000,12499,1,REST_MEASUREMENT,CLEAN_LOCAL,1.000000,1.000000,0,0,1.01507401,0.00404181611,0.0219845772,2.68524718,2.81207538,4.15181732,5.73285961,0.255817354,0.446510315,0,0,0,1,1,450,100,1,15.984930,10.000000,15.000000,none,0,63,15.1282482,Z,0.266415507,VALID_LOW,0,80.322990,80.322990,49,3.82966256,X,107.000000,5.09729767,76.000000,1.5895189,1,5,80.000000,3.82966256,5,75.000000,1.65447795,0,91.000000,3.66123223,0,0.900000,MILD,10.000000,1.065744,0.790532,0.220000,1.000000,80.000000,1.463147,0.299306,1.000000,0.949600
12600,126.000000000,125.990000000,12599,1,REST_MEASUREMENT,CLEAN_LOCAL,1.000000,1.000000,0,0,1.01542044,0.00419260096,0.0249466896,3.42135048,3.78606462,6.0655489,8.98090553,0.23575291,0.462675095,0,0,0,1,1,450,100,0,15.984930,10.000000,15.000000,none,0,10,12.0968208,Z,0.266415507,VALID_LOW,0,79.595345,79.595345,48,4.63584471,X,79.000000,4.63584471,85.000000,1.64531386,1,5,79.000000,4.63584471,5,85.000000,1.64531386,0,90.000000,3.79044366,0,0.900000,MILD,9.000000,1.030024,0.751794,0.220000,1.000000,79.000000,1.217993,0.250809,1.000000,0.949600
12700,127.000000000,126.990000000,12699,1,REST_MEASUREMENT,CLEAN_LOCAL,1.000000,1.000000,0,0,1.01594031,0.00394394295,0.0213261843,3.7299726,4.02909279,6.0655489,8.98090553,0.223185003,0.471174717,0,0,0,1,1,450,100,0,15.984930,10.000000,13.000000,none,0,10,10.8013277,Z,0.266415507,VALID_LOW,0,78.764832,78.764832,48,2.94173408,Z,108.000000,5.86843061,77.000000,2.94173408,0,0,77.000000,2.94173408,0,81.000000,0.755802155,5,84.000000,0.849913538,0,0.900000,MILD,9.000000,1.050478,0.693565,0.220000,1.000000,77.000000,1.578267,0.906512,1.000000,1.000000
12800,128.000000000,127.990000000,12799,1,REST_MEASUREMENT,CLEAN_LOCAL,1.000000,1.000000,0,0,1.01510561,0.00373059418,0.0173432827,2.60531425,2.7468574,3.87337518,5.88852262,0.217952445,0.451207161,0,0,0,1,1,450,100,0,15.984930,10.000000,19.000000,none,0,11,17.5915565,Z,0.266415507,VALID_LOW,0,78.344177,78.344177,47,3.9447217,X,91.000000,5.61978006,77.000000,3.96681142,1,5,78.000000,3.9447217,5,91.000000,5.61978006,0,81.000000,0.857298017,5,0.900000,MILD,9.000000,1.073294,0.773839,0.220000,1.000000,78.000000,1.123939,0.580894,1.000000,0.949600
12900,129.000000000,128.990000000,12899,1,REST_MEASUREMENT,CLEAN_LOCAL,1.000000,1.000000,0,0,1.01563382,0.00383436959,0.019520998,2.73415685,2.90580821,4.37017632,5.90521288,0.200577721,0.427818298,0,0,0,1,1,450,100,0,15.984930,10.000000,25.000000,none,0,10,20.4472713,Z,0.266415507,VALID_LOW,0,78.154877,78.154877,50,4.44545078,X,96.000000,5.13999081,77.000000,4.0750618,1,5,78.000000,4.44545078,5,81.000000,0.617546082,5,72.000000,0.802982211,0,0.900000,MILD,9.000000,1.069357,0.733029,0.220000,1.000000,78.000000,1.191734,0.405155,1.000000,0.949600
13000,130.000000000,129.990000000,12999,1,REST_MEASUREMENT,CLEAN_LOCAL,1.000000,1.000000,0,0,1.01583505,0.00355984294,0.019520998,3.04284143,3.16786289,4.42231798,5.90521288,0.209401637,0.436758995,0,0,0,1,1,450,100,0,15.984930,10.000000,19.000000,none,0,11,16.9288559,Z,0.266415507,VALID_LOW,0,78.069695,78.069695,51,4.85991716,X,91.000000,5.92982483,73.000000,0.955033064,1,5,78.000000,4.85991716,5,73.000000,0.955033064,0,91.000000,5.92982483,0,0.900000,MILD,9.000000,1.081289,0.802046,0.220000,1.000000,78.000000,1.220466,0.331941,1.000000,0.949600
13100,131.000000000,130.990000000,13099,1,REST_MEASUREMENT,CLEAN_LOCAL,1.000000,1.000000,0,0,1.01584411,0.00327491341,0.0221582651,2.31162357,2.49388409,3.94478488,5.35278368,0.22874403,0.360488892,0,0,0,1,1,450,100,1,14.033715,10.000000,18.000000,none,0,65,22.9295654,Z,0.233895257,VALID_LOW,0,78.031364,78.031364,51,4.76497698,X,118.000000,4.77010918,79.000000,4.62226963,0,0,78.000000,4.76497698,0,74.000000,1.51099765,0,81.000000,2.76885414,0,0.900000,MILD,10.000000,1.094966,0.782382,0.480000,1.000000,78.000000,1.243389,0.243785,1.000000,1.000000
13200,132.000000000,131.990000000,13199,1,REST_MEASUREMENT,CLEAN_LOCAL,1.000000,1.000000,0,0,1.01600897,0.00381070795,0.027556181,1.60787237,1.72667706,2.89408159,4.8176837,0.228128374,0.427627563,0,0,0,1,1,450,100,0,14.033715,10.000000,21.000000,none,0,19,13.2574072,Z,0.233895257,VALID_LOW,0,78.014114,78.014114,59,4.85219955,X,117.000000,5.310987,78.000000,4.85219955,0,0,78.000000,4.85219955,0,71.000000,1.69497454,5,85.000000,0.846083462,6,1.000000,CLEAN,9.000000,1.055957,0.740323,0.480000,1.000000,78.000000,1.281242,0.327098,1.000000,1.000000
13300,133.000000000,132.990000000,13299,1,REST_MEASUREMENT,CLEAN_LOCAL,1.000000,1.000000,0,0,1.01502943,0.0039544981,0.0233319998,1.54764485,1.66686606,2.84381723,3.53232408,0.246782646,0.507724285,0,0,0,1,1,450,100,0,14.033715,10.000000,22.000000,none,0,19,13.2653799,Z,0.233895257,VALID_LOW,0,78.556351,78.556351,59,4.94265079,X,79.000000,4.94265079,79.000000,4.94265079,0,0,79.000000,4.94265079,0,84.000000,1.2990551,6,73.000000,1.8932178,0,1.000000,CLEAN,9.000000,1.052256,0.742655,0.480000,1.000000,79.000000,1.336115,0.385420,1.000000,1.000000
13400,134.000000000,133.990000000,13399,1,REST_MEASUREMENT,CLEAN_LOCAL,1.000000,1.000000,0,0,1.01513875,0.00347065087,0.01851964,1.3875711,1.54197454,2.84381723,3.82055497,0.253717273,0.486493111,0,0,0,1,1,450,100,0,14.033715,10.000000,23.000000,none,0,17,7.28246689,Z,0.233895257,VALID_LOW,0,78.800354,78.800354,59,4.92239904,X,79.000000,4.92239904,79.000000,4.92239904,0,0,79.000000,4.92239904,0,84.000000,2.30687046,6,75.000000,0.78629458,0,1.000000,CLEAN,9.000000,1.042156,0.753798,0.480000,1.000000,79.000000,1.274296,0.525348,1.000000,1.000000
13500,135.000000000,134.990000000,13499,1,REST_MEASUREMENT,CLEAN_LOCAL,1.000000,1.000000,0,0,1.01528752,0.00284503633,0.0155487061,1.28402936,1.43144846,2.53666997,4.22019482,0.221205577,0.350046158,0,0,0,1,1,450,100,0,14.033715,10.000000,26.000000,none,0,7,4.56327724,Z,0.233895257,VALID,1,78.910156,78.910156,75,7.88898516,X,79.000000,7.88898516,79.000000,7.88898516,0,0,79.000000,7.88898516,0,84.000000,2.18250465,6,73.000000,1.96992111,0,1.000000,CLEAN,8.000000,1.013428,0.938034,0.220000,1.000000,79.000000,1.368003,0.270443,1.000000,1.000000
13600,136.000000000,135.990000000,13599,1,REST_MEASUREMENT,CLEAN_LOCAL,1.000000,1.000000,0,0,1.01548147,0.0029815801,0.0189253092,1.33725631,1.47107315,2.47303224,4.22019482,0.219807699,0.377058983,0,0,0,1,1,450,100,0,14.033715,10.000000,0.000000,none,0,9,5.73157501,Y,0.233895257,VALID,1,78.959572,78.959572,67,6.52422523,X,79.000000,6.52422523,79.000000,6.52422523,0,0,79.000000,6.52422523,0,81.000000,3.4007442,0,74.000000,3.72739434,0,1.000000,CLEAN,8.000000,1.065217,0.976290,0.220000,1.000000,79.000000,1.273040,0.341662,1.000000,1.000000
13700,137.000000000,136.990000000,13699,1,REST_MEASUREMENT,CLEAN_LOCAL,1.000000,1.000000,0,0,1.0151695,0.00331398775,0.0189253092,1.40453649,1.50311661,2.33991742,3.7108357,0.22486341,0.40435791,0,0,0,1,1,450,100,0,13.671915,13.000000,20.000000,none,0,44,3.31128693,Z,0.227865249,VALID_LOW,0,78.431808,78.431808,62,6.15945768,X,78.000000,6.15945768,78.000000,6.15945768,0,0,78.000000,6.15945768,0,74.000000,4.38461018,0,72.000000,2.97556734,0,1.000000,CLEAN,13.000000,1.031192,0.915765,1.000000,1.000000,78.000000,1.278162,0.216313,1.000000,1.000000
13800,138.000000000,137.990000000,13799,1,REST_MEASUREMENT,CLEAN_LOCAL,1.000000,1.000000,0,0,1.01455593,0.00344156753,0.017365098,1.41032398,1.48185718,2.20008135,3.33191228,0.253090858,0.544118881,0,0,0,1,1,450,100,0,13.137532,11.000000,14.000000,none,0,45,7.51463127,X,0.21895887,VALID,1,78.744316,78.744316,66,6.79329824,X,79.000000,6.79329824,73.000000,3.16007161,1,6,79.000000,6.79329824,6,73.000000,3.16007161,0,82.000000,2.69236088,0,1.000000,CLEAN,11.000000,1.141746,0.163452,0.820000,1.000000,79.000000,1.210355,0.390554,1.000000,0.919000
13900,139.000000000,138.990000000,13899,1,REST_MEASUREMENT,CLEAN_LOCAL,1.000000,1.000000,0,0,1.01511133,0.00363406423,0.0210478306,1.34898639,1.47531247,2.61888242,4.06826115,0.271884859,0.541734695,0,0,0,1,1,450,100,0,12.710026,12.000000,8.000000,none,0,53,8.81820011,X,0.21183376,VALID_LOW,0,79.434944,79.434944,64,6.65081787,X,80.000000,6.65081787,80.000000,6.65081787,0,0,80.000000,6.65081787,0,73.000000,2.32995105,0,64.000000,3.95989037,5,1.000000,CLEAN,11.000000,1.131937,0.264423,0.820000,1.000000,80.000000,1.185320,0.383405,1.000000,1.000000
14000,140.000000000,139.990000000,13999,1,REST_MEASUREMENT,CLEAN_LOCAL,1.000000,1.000000,0,0,1.0153681,0.00325592328,0.0210478306,1.29964936,1.45527291,2.78542876,4.06826115,0.23824656,0.43078661,0,0,0,1,1,450,100,1,12.811517,13.000000,8.000000,none,0,57,5.96966696,X,0.21352528,VALID,1,79.745728,79.745728,65,6.53006792,X,80.000000,6.53006792,80.000000,6.53006792,0,0,80.000000,6.53006792,0,73.000000,2.00292063,0,87.000000,1.26605666,0,1.000000,CLEAN,13.000000,1.100029,0.262147,1.000000,1.000000,80.000000,1.189175,0.347088,1.000000,1.000000
14100,141.000000000,140.990000000,14099,1,REST_MEASUREMENT,CLEAN_LOCAL,1.000000,1.000000,0,0,1.01529264,0.0031016157,0.0175573826,1.35871792,1.49160981,2.85610771,4.05737782,0.20955269,0.430619717,0,0,0,1,1,450,100,0,12.527486,8.000000,8.000000,none,0,49,5.07245016,X,0.208791435,VALID_LOW,0,80.435577,80.435577,60,5.89293051,X,81.000000,5.89293051,81.000000,5.89293051,0,0,81.000000,5.89293051,0,73.000000,1.79050028,6,84.000000,3.18840146,0,1.000000,CLEAN,12.000000,1.053264,0.305360,1.000000,1.000000,81.000000,1.156693,0.362783,1.000000,1.000000
14200,142.000000000,141.990000000,14199,1,REST_MEASUREMENT,DISTURBANCE,0.900000,0.950000,1,0,1.02024937,0.0134646893,0.0919399261,6.59967756,13.181756,39.5503349,45.3520699,0.398465902,0.939869881,0,0,0,1,1,450,100,0,12.527486,13.000000,11.000000,none,0,8,2.69961858,Z,0.208791435,CONTAM,0,80.435577,80.435577,10,1.80361235,Z,84.000000,2.10131836,80.000000,1.80361235,0,0,80.000000,1.80361235,0,84.000000,2.10131836,0,88.000000,1.30324697,7,0.180000,MODERATE,13.000000,1.179570,0.475081,1.000000,1.000000,80.000000,1.546045,0.756802,1.000000,1.000000
14300,143.000000000,142.990000000,14299,1,REST_MEASUREMENT,DISTURBANCE,0.800000,0.900000,2,0,1.02102757,0.0316779576,0.19845295,29.9720974,40.5526276,80.5607834,91.933136,1.11673594,2.40055323,0,0,0,1,1,450,100,0,12.527486,13.000000,11.000000,none,0,9,4.57604599,Y,0.208791435,CONTAM,0,80.435577,80.435577,8,1.98026204,Z,85.000000,2.13986516,81.000000,1.98026204,0,0,81.000000,1.98026204,0,85.000000,2.13986516,0,77.000000,1.81154764,6,0.180000,MODERATE,13.000000,1.164507,0.415014,1.000000,1.000000,81.000000,1.238278,0.639348,1.000000,1.000000
14400,144.000000000,143.990000000,14399,1,REST_MEASUREMENT,DISTURBANCE,0.700000,0.850000,3,0,1.02189136,0.0386310816,0.210956573,38.760376,45.5045509,80.5607834,91.933136,1.35058415,2.9129982,0,0,0,1,1,450,100,0,12.527486,10.000000,17.000000,none,0,5,3.86933994,Z,0.208791435,CONTAM,0,80.435577,80.435577,9,2.72123051,Z,85.000000,2.92601919,81.000000,2.72123051,0,0,81.000000,2.72123051,0,85.000000,2.92601919,0,77.000000,2.37159109,6,0.180000,MODERATE,10.000000,1.131584,0.451414,0.820000,1.000000,81.000000,1.127382,0.878001,1.000000,1.000000
14500,145.000000000,144.990000000,14499,1,REST_MEASUREMENT,DISTURBANCE,0.600000,0.800000,4,0,1.02122426,0.0260136761,0.160839379,16.4430065,24.6113701,57.3793411,74.6607285,0.865077972,1.95417404,0,0,0,1,1,450,100,0,12.527486,11.000000,19.000000,none,0,5,2.28993654,Z,0.208791435,CONTAM,0,80.435577,80.435577,9,2.6767695,Z,85.000000,2.82504702,81.000000,2.6767695,0,0,81.000000,2.6767695,0,85.000000,2.82504702,0,76.000000,2.43173671,6,0.180000,MODERATE,11.000000,1.063947,0.588021,0.820000,1.000000,81.000000,1.075906,0.844518,1.000000,1.000000
14600,146.000000000,145.990000000,14599,1,REST_MEASUREMENT,CLEAN_LOCAL,0.600000,0.800000,0,0,1.01558256,0.00433857646,0.0209540129,2.55145454,2.91115665,5.43355274,7.28457308,0.226705998,0.394523144,0,0,0,1,1,450,100,0,12.527486,8.000000,8.000000,none,0,12,2.12939167,Z,0.208791435,----,0,80.435577,80.435577,18,2.51268339,Z,85.000000,2.66768694,80.000000,2.51268339,0,0,80.000000,2.51268339,0,85.000000,2.66768694,0,76.000000,2.49373722,6,0.380000,MILD,14.000000,1.022362,0.786136,1.000000,1.000000,80.000000,1.063135,0.912418,1.000000,1.000000
14700,147.000000000,146.990000000,14699,1,REST_MEASUREMENT,CLEAN_LOCAL,0.600000,0.800000,0,0,1.01539087,0.00353830867,0.023124218,1.56258392,1.71084857,2.84627962,4.30096102,0.226670384,0.429987907,0,0,0,1,1,450,100,0,12.527486,10.000000,24.000000,none,0,5,4.10511065,Z,0.208791435,----,0,80.435577,80.435577,17,2.54070258,Z,85.000000,2.69868279,81.000000,2.54070258,0,0,81.000000,2.54070258,0,85.000000,2.69868279,0,77.000000,2.40526819,6,0.380000,MILD,8.000000,1.006384,0.680204,0.480000,1.000000,81.000000,1.057064,0.884739,1.000000,1.000000
14800,148.000000000,147.990000000,14799,1,REST_MEASUREMENT,CLEAN_LOCAL,0.600000,0.800000,0,0,1.0150882,0.00404941617,0.0259995461,1.61443639,1.75795221,3.16243196,4.30096102,0.264816582,0.580179691,0,0,0,1,1,450,100,0,12.527486,10.000000,21.000000,none,0,6,5.36097765,Z,0.208791435,----,0,80.435577,80.435577,16,2.44067216,Z,85.000000,2.63203478,83.000000,2.45195079,0,0,82.000000,2.44067216,0,85.000000,2.63203478,0,77.000000,2.26505303,6,0.380000,MILD,8.000000,1.015357,0.688362,0.480000,1.000000,82.000000,1.012212,0.923222,1.000000,1.000000
14900,149.000000000,148.990000000,14899,1,REST_MEASUREMENT,CLEAN_LOCAL,0.600000,0.800000,0,0,1.01541162,0.00433761533,0.021871686,1.55349278,1.65958154,2.95218825,3.57642794,0.260805309,0.585770607,0,0,0,1,1,450,100,0,12.527486,9.000000,20.000000,none,0,6,5.43785715,Z,0.208791435,----,0,80.435577,80.435577,15,2.47138619,Z,85.000000,2.67193604,83.000000,2.47138619,0,0,83.000000,2.47138619,0,78.000000,2.31435013,0,85.000000,2.67193604,0,0.380000,MILD,8.000000,1.042458,0.680717,0.480000,1.000000,83.000000,1.017239,0.994920,1.000000,1.000000
15000,150.000000000,149.990000000,14999,1,REST_MEASUREMENT,CLEAN_LOCAL,0.600000,0.800000,0,0,1.0156889,0.00381748541,0.0251414776,1.49028766,1.59779561,2.84670997,3.80612922,0.261775464,0.532662868,0,0,0,1,1,450,100,0,12.527486,8.000000,22.000000,none,0,6,4.65877914,Z,0.208791435,----,0,80.435577,80.435577,17,2.34434819,Z,85.000000,2.60058069,83.000000,2.43954706,0,0,80.000000,2.34434819,0,85.000000,2.60058069,0,89.000000,2.57646418,7,0.380000,MILD,8.000000,1.062785,0.657820,0.480000,1.000000,80.000000,1.003178,0.948162,1.000000,1.000000
15100,151.000000000,150.990000000,15099,1,REST_MEASUREMENT,CLEAN_LOCAL,0.600000,0.800000,0,0,1.01625597,0.00359458895,0.0245850086,1.78293657,1.96414053,3.51624846,4.3694315,0.246243238,0.473189354,0,0,0,1,1,450,100,0,12.527486,8.000000,16.000000,none,0,9,5.31788921,Z,0.208791435,----,0,80.435577,80.435577,21,2.58090734,Z,88.000000,2.58257198,83.000000,2.56881571,0,0,84.000000,2.58090734,0,88.000000,2.58257198,7,76.000000,2.21630549,6,0.580000,MILD,8.000000,1.068122,0.685699,0.480000,1.000000,84.000000,1.026244,0.986370,0.850000,1.000000
15200,152.000000000,151.990000000,15199,1,REST_MEASUREMENT,CLEAN_LOCAL,0.700000,0.800000,0,0,1.0163312,0.00364223728,0.0222890377,1.71578598,1.89737558,3.31753111,4.3694315,0.224911079,0.466763973,0,0,0,1,1,450,100,0,12.527486,8.000000,16.000000,none,0,11,7.05895948,Z,0.208791435,----,0,80.435577,80.435577,24,2.58716083,Z,83.000000,2.58716083,83.000000,2.58716083,0,0,83.000000,2.58716083,0,88.000000,2.58520484,7,76.000000,2.24420214,6,0.580000,MILD,8.000000,1.128827,0.562844,0.480000,1.000000,83.000000,1.021515,0.957907,1.000000,1.000000
15300,153.000000000,152.990000000,15299,1,REST_MEASUREMENT,CLEAN_LOCAL,0.800000,0.800000,0,0,1.01550198,0.00387507281,0.0222890377,1.37804806,1.47046435,2.33772445,3.54508948,0.242143258,0.490760803,0,0,0,1,1,450,100,0,12.527486,8.000000,15.000000,none,0,10,4.98801422,Z,0.208791435,----,0,80.435577,80.435577,24,2.58900046,Z,87.000000,2.67298269,83.000000,2.58900046,0,0,83.000000,2.58900046,0,87.000000,2.67298269,7,76.000000,2.2817831,6,0.580000,MILD,8.000000,1.140062,0.945443,0.480000,1.000000,83.000000,1.021375,0.932005,1.000000,1.000000
15400,154.000000000,153.990000000,15399,1,REST_MEASUREMENT,CLEAN_LOCAL,0.900000,0.800000,0,0,1.01482201,0.00401514675,0.0213834047,1.42778254,1.48562944,2.11666822,2.86757159,0.262057036,0.545608997,0,0,0,1,1,450,100,0,12.527486,8.000000,16.000000,none,0,13,14.1390715,Y,0.208791435,----,0,80.435577,80.435577,24,2.63574052,Z,87.000000,2.68634629,83.000000,2.63574052,0,0,83.000000,2.63574052,0,87.000000,2.68634629,7,75.000000,2.2513082,6,0.580000,MILD,8.000000,1.173819,0.720871,0.480000,1.000000,83.000000,1.026694,0.925058,1.000000,1.000000
15500,155.000000000,154.990000000,15499,1,REST_MEASUREMENT,CLEAN_LOCAL,1.000000,0.800000,0,0,1.01512492,0.00434332807,0.0232213736,1.62933207,1.76914811,2.77127862,5.34183025,0.26976949,0.611567497,0,0,0,1,1,450,100,0,12.527486,8.000000,15.000000,none,0,14,19.2355213,Z,0.208791435,----,0,80.435577,80.435577,26,2.53443885,Z,87.000000,2.71756434,82.000000,2.53443885,0,0,82.000000,2.53443885,0,87.000000,2.71756434,7,76.000000,2.36161256,6,0.580000,MILD,8.000000,1.326818,0.842141,0.480000,1.000000,82.000000,1.022036,0.946484,1.000000,1.000000
15600,156.000000000,155.990000000,15599,1,REST_MEASUREMENT,DISTURBANCE,0.900000,0.750000,1,0,1.03746295,0.133386582,0.699844897,10.3869009,15.9604464,38.3152924,44.9102631,1.79915845,4.19465923,0,0,0,1,1,450,100,0,12.527486,8.000000,17.000000,none,0,4,21.490509,Z,0.208791435,CONTAM,0,80.435577,80.435577,9,3.25562501,Z,82.000000,3.25562501,82.000000,3.25562501,0,0,82.000000,3.25562501,0,80.000000,2.19236326,0,78.000000,2.77381921,0,0.180000,MODERATE,8.000000,1.227227,0.029018,0.480000,1.000000,82.000000,1.370584,0.783561,1.000000,1.000000
15700,157.000000000,156.990000000,15699,1,REST_MEASUREMENT,DISTURBANCE,0.800000,0.700000,2,0,1.00477314,0.212295279,0.741541803,22.2390194,25.1576614,43.2297821,49.6249542,2.71152806,5.11833429,0,0,0,1,1,450,100,0,12.527486,10.000000,14.000000,none,0,5,9.6106472,Z,0.208791435,CONTAM,0,80.435577,80.435577,9,3.86125565,Z,83.000000,3.86125565,83.000000,3.86125565,0,0,83.000000,3.86125565,0,87.000000,3.50372076,7,78.000000,2.65041208,0,0.180000,MODERATE,9.000000,1.109443,0.290005,0.480000,1.000000,83.000000,1.582664,0.658606,1.000000,1.000000
15800,158.000000000,157.990000000,15799,1,REST_MEASUREMENT,DISTURBANCE,0.700000,0.650000,3,0,1.00224817,0.226679817,0.741541803,21.2246685,23.5862198,39.9220161,49.6249542,2.97917676,5.57991886,0,0,0,1,1,450,100,0,12.527486,11.000000,17.000000,none,0,10,8.1670475,X,0.208791435,CONTAM,0,80.435577,80.435577,10,4.83041525,Z,83.000000,4.83041525,83.000000,4.83041525,0,0,83.000000,4.83041525,0,87.000000,4.52421331,7,79.000000,3.1562655,0,0.180000,MODERATE,11.000000,1.108870,0.791410,0.820000,1.000000,83.000000,1.747419,0.556428,1.000000,1.000000
15900,159.000000000,158.990000000,15899,1,REST_MEASUREMENT,DISTURBANCE,0.600000,0.600000,4,0,1.02915287,0.158985749,0.69293505,11.7789536,14.3018398,26.0005798,34.5779648,2.28982687,4.75747585,0,0,0,1,1,450,100,0,12.527486,11.000000,13.000000,none,0,8,6.66931057,Z,0.208791435,CONTAM,0,80.435577,80.435577,10,4.5667367,Z,83.000000,4.5667367,83.000000,4.5667367,0,0,83.000000,4.5667367,0,87.000000,4.51911449,7,79.000000,2.82108903,0,0.180000,MODERATE,11.000000,1.092009,0.463985,0.820000,1.000000,83.000000,1.759958,0.573022,1.000000,1.000000
16000,160.000000000,159.990000000,15999,1,REST_MEASUREMENT,CLEAN_LOCAL,0.600000,0.600000,0,0,1.00966024,0.0282652602,0.175061941,4.24528646,5.52798653,12.0328789,15.830946,0.580803454,1.45613551,0,0,0,1,1,450,100,0,12.527486,11.000000,9.000000,none,0,18,6.18987179,Z,0.208791435,----,0,80.435577,80.435577,21,4.01266003,Z,89.000000,4.21360683,83.000000,4.01266003,0,0,83.000000,4.01266003,0,87.000000,3.87551451,7,78.000000,2.60877776,0,0.380000,MILD,11.000000,1.103885,0.820128,0.820000,1.000000,83.000000,1.719735,0.583596,1.000000,1.000000
16100,161.000000000,160.990000000,16099,1,REST_MEASUREMENT,CLEAN_LOCAL,0.600000,0.600000,0,0,1.01528943,0.00416032225,0.0255029202,1.76255298,1.93881047,3.36124158,4.80754185,0.250965208,0.53678751,0,0,0,1,1,450,100,0,12.527486,10.000000,8.000000,none,0,22,9.95322227,Z,0.208791435,----,0,80.435577,80.435577,19,3.13015985,Z,92.000000,4.24984932,83.000000,3.13015985,0,0,83.000000,3.13015985,0,88.000000,3.67323232,7,78.000000,1.41509426,0,0.380000,MILD,11.000000,1.104890,0.721287,0.820000,1.000000,83.000000,1.507253,0.814673,1.000000,1.000000
16200,162.000000000,161.990000000,16199,1,REST_MEASUREMENT,CLEAN_LOCAL,0.600000,0.650000,0,0,1.01566577,0.00444541359,0.0246101618,1.71433818,1.89509499,3.20206976,4.39478302,0.258328557,0.53678751,0,0,0,1,1,450,100,0,12.527486,10.000000,8.000000,none,0,25,8.16907787,Z,0.208791435,----,0,80.435577,80.435577,10,3.51838851,Y,118.000000,7.15894032,83.000000,2.83959436,1,7,88.000000,3.51838851,7,118.000000,7.15894032,0,90.000000,3.33171058,7,0.380000,MILD,12.000000,1.086057,0.418225,1.000000,1.000000,88.000000,1.014941,0.823568,0.850000,0.992800
16300,163.000000000,162.990000000,16299,1,REST_MEASUREMENT,CLEAN_LOCAL,0.600000,0.700000,0,0,1.01491976,0.00439199898,0.0246101618,1.68209255,1.82963276,3.17511702,4.39478302,0.247741312,0.512945652,0,0,0,1,1,450,100,0,12.527486,10.000000,8.000000,none,0,22,6.62862015,Z,0.208791435,----,0,80.435577,80.435577,10,3.48236156,Y,118.000000,6.35663986,83.000000,2.80839372,1,7,88.000000,3.48236156,7,91.000000,3.45157528,0,71.000000,0.441066116,0,0.380000,MILD,12.000000,1.076572,0.471196,1.000000,1.000000,88.000000,1.007080,0.772376,0.850000,0.992800
16400,164.000000000,163.990000000,16399,1,REST_MEASUREMENT,CLEAN_LOCAL,0.600000,0.750000,0,0,1.01457119,0.00394860003,0.0195212364,1.51389039,1.62913036,2.64877963,3.93463111,0.251814902,0.573801994,0,0,0,1,1,450,100,0,12.527486,10.000000,8.000000,none,0,22,6.86171198,Z,0.208791435,----,0,80.435577,80.435577,10,3.48875642,Y,119.000000,6.68601036,83.000000,2.81227851,1,7,88.000000,3.48875642,7,91.000000,3.32701111,0,120.000000,6.3628583,0,0.380000,MILD,12.000000,1.077957,0.543706,1.000000,1.000000,88.000000,1.007709,0.816364,0.850000,0.992800
16500,165.000000000,164.990000000,16499,1,REST_MEASUREMENT,CLEAN_LOCAL,0.600000,0.800000,0,0,1.01500583,0.00373268803,0.0189244747,1.39525175,1.54859281,2.71004319,3.99226356,0.255136728,0.558376312,0,0,0,1,1,450,100,0,12.527486,10.000000,8.000000,none,0,34,6.24104929,Z,0.208791435,----,0,80.435577,80.435577,16,3.50222492,Y,119.000000,6.69842863,83.000000,2.79959202,1,7,88.000000,3.50222492,7,91.000000,3.36943364,0,120.000000,6.49429464,0,0.580000,MILD,12.000000,1.076551,0.693491,1.000000,1.000000,88.000000,1.009274,0.792699,0.850000,0.992800
16600,166.000000000,165.990000000,16599,1,REST_MEASUREMENT,CLEAN_LOCAL,0.700000,0.800000,0,0,1.01507461,0.00303449365,0.0186223984,1.29592896,1.44171143,2.8878448,3.99226356,0.217207596,0.406253338,0,0,0,1,1,450,100,0,11.992866,11.000000,8.000000,none,0,35,8.53326702,Z,0.199881092,----,0,80.435577,80.435577,16,3.49334073,Y,119.000000,6.72514153,88.000000,3.49334073,0,0,88.000000,3.49334073,0,91.000000,3.27949619,0,120.000000,6.47264099,10,0.580000,MILD,11.000000,1.088371,0.622118,0.820000,1.000000,88.000000,1.008467,0.818228,0.850000,1.000000
16700,167.000000000,166.990000000,16699,1,REST_MEASUREMENT,CLEAN_LOCAL,0.800000,0.800000,0,0,1.01553762,0.00282200845,0.0209692717,1.26200259,1.39814126,2.66966796,3.75502443,0.206792355,0.362658501,0,0,0,1,1,450,100,0,11.992866,11.000000,13.000000,none,0,21,2.18734503,Z,0.199881092,----,0,80.435577,80.435577,16,3.49225378,Y,119.000000,6.67609215,88.000000,3.49225378,0,0,88.000000,3.49225378,0,90.000000,3.36847782,0,120.000000,6.49859333,10,0.580000,MILD,11.000000,1.054452,0.914826,1.000000,1.000000,88.000000,1.008444,0.819023,0.850000,1.000000
16800,168.000000000,167.990000000,16799,1,REST_MEASUREMENT,CLEAN_LOCAL,0.900000,0.800000,0,0,1.01573217,0.00318074063,0.0196623802,1.39472866,1.52710533,2.95424914,3.79159808,0.218240455,0.448834896,0,0,0,1,1,450,100,0,11.992866,11.000000,10.000000,none,0,31,4.38294506,X,0.199881092,----,0,80.435577,80.435577,16,3.48986888,Y,119.000000,7.06609249,88.000000,3.48986888,0,0,88.000000,3.48986888,0,120.000000,6.72535276,10,66.000000,0.255114168,0,0.580000,MILD,12.000000,1.141621,0.668454,1.000000,1.000000,88.000000,1.008127,0.821778,0.850000,1.000000
16900,169.000000000,168.990000000,16899,1,REST_MEASUREMENT,CLEAN_LOCAL,1.000000,0.800000,0,0,1.01489842,0.00370432227,0.0194256306,1.49194562,1.59593689,2.92879391,3.91032982,0.249408588,0.538182259,0,0,0,1,1,450,100,0,11.645363,10.000000,17.000000,none,0,39,7.55794239,X,0.194089383,----,0,80.435577,80.435577,16,3.46069717,Y,119.000000,6.90919733,88.000000,3.46069717,0,0,88.000000,3.46069717,0,120.000000,6.56230354,0,60.000000,0.431394994,5,0.580000,MILD,11.000000,1.192211,0.947666,1.000000,1.000000,88.000000,1.003955,0.877777,0.850000,1.000000
17000,170.000000000,169.990000000,16999,1,REST_MEASUREMENT,CLEAN_LOCAL,1.000000,0.800000,0,0,1.01477337,0.00368219125,0.0178740025,1.42406118,1.52178872,2.31742883,3.91032982,0.259018749,0.538182259,0,0,0,1,1,450,100,1,11.419486,11.000000,18.000000,none,0,65,7.60010433,X,0.190324768,----,0,82.435577,82.435577,33,3.4659059,Y,119.000000,6.73062897,88.000000,3.4659059,0,0,88.000000,3.4659059,0,120.000000,6.59924221,0,68.000000,0.302571386,6,1.000000,CLEAN,11.000000,1.215746,0.404283,1.000000,1.000000,88.000000,1.005159,0.881882,0.850000,1.000000
17100,171.000000000,170.990000000,17099,1,REST_MEASUREMENT,CLEAN_LOCAL,1.000000,0.800000,0,0,1.01519299,0.00325894449,0.0178707838,1.30045044,1.42191553,2.55856347,3.58837485,0.231664211,0.412273407,0,0,0,1,1,450,100,1,11.272666,11.000000,20.000000,none,0,59,5.45223379,Z,0.187877759,----,0,84.216194,84.216194,38,3.48518229,Y,119.000000,6.62646961,85.000000,3.2402463,1,8,88.000000,3.48518229,8,120.000000,6.41317797,0,68.000000,0.286832064,6,1.000000,CLEAN,11.000000,1.122123,0.912464,1.000000,1.000000,88.000000,1.005977,0.864145,0.850000,0.992800
17200,172.000000000,171.990000000,17199,1,REST_MEASUREMENT,CLEAN_LOCAL,1.000000,0.800000,0,0,1.01501787,0.00342246098,0.018230319,1.30446136,1.43077683,2.43051624,3.54076719,0.242692351,0.490498543,0,0,0,1,1,450,100,0,10.618133,8.000000,14.000000,none,0,36,12.9636106,X,0.176968873,----,0,85.427010,85.427010,41,3.47487044,Y,119.000000,6.82539558,89.000000,3.43876886,0,0,88.000000,3.47487044,0,72.000000,0.484839201,7,120.000000,6.3747468,0,1.000000,CLEAN,8.000000,1.373314,0.385876,0.480000,1.000000,88.000000,1.007225,0.879482,0.850000,1.000000
17300,173.000000000,172.990000000,17299,1,REST_MEASUREMENT,CLEAN_LOCAL,1.000000,0.800000,0,0,1.01558971,0.0042491816,0.0240244865,1.4851414,1.63410223,2.96523023,3.8441689,0.268467188,0.565874577,0,0,0,1,1,450,100,0,10.094506,8.000000,11.000000,none,0,42,10.5097389,X,0.168241769,VALID_LOW,0,86.250366,86.250366,46,3.47976327,Y,118.000000,6.58331156,88.000000,3.47976327,0,0,88.000000,3.47976327,0,73.000000,0.547271729,7,120.000000,6.12099886,12,1.000000,CLEAN,8.000000,1.195618,0.199614,0.820000,1.000000,88.000000,1.006220,0.837789,1.000000,1.000000
17400,174.000000000,173.990000000,17399,1,REST_MEASUREMENT,CLEAN_LOCAL,1.000000,0.800000,0,0,1.01574206,0.00440804847,0.0240244865,1.63919413,1.77147782,2.96523023,3.8441689,0.258768708,0.515294075,0,0,0,1,1,450,100,1,10.411429,11.000000,17.000000,none,0,71,10.2852669,Y,0.173523828,----,0,84.890251,84.890251,38,1.81656492,Z,118.000000,4.32430315,86.000000,2.09374166,1,8,82.000000,1.81656492,8,89.000000,2.21674943,0,78.000000,1.49415946,0,1.000000,CLEAN,11.000000,1.128493,0.807737,1.000000,1.000000,82.000000,1.170213,0.975289,0.850000,0.984000
17500,175.000000000,174.990000000,17499,1,REST_MEASUREMENT,CLEAN_LOCAL,1.000000,0.800000,0,0,1.01500559,0.0037762404,0.0200271606,1.52725816,1.63047779,2.77198291,3.63608551,0.249125957,0.51009655,0,0,0,1,1,450,100,1,10.617429,11.000000,31.000000,none,0,71,15.6517649,X,0.176957145,----,0,84.890251,84.890251,44,1.26665163,Z,118.000000,4.01668406,82.000000,1.09729111,1,8,86.000000,1.26665163,8,90.000000,1.67438352,0,76.000000,0.909506559,7,1.000000,CLEAN,11.000000,1.149300,0.564243,1.000000,1.000000,86.000000,1.088817,0.980328,1.000000,0.984000
17600,176.000000000,175.990000000,17599,1,REST_MEASUREMENT,CLEAN_LOCAL,1.000000,0.850000,0,0,1.01501358,0.00336988852,0.0201221704,1.28675199,1.39782906,2.42033601,3.70447564,0.252232075,0.540816784,0,0,0,1,1,450,100,1,11.101329,12.000000,20.000000,none,0,66,11.6895533,X,0.185022146,VALID_LOW,0,84.950615,84.950615,50,1.39185548,X,109.000000,3.58551359,85.000000,1.39185548,0,0,85.000000,1.39185548,0,78.000000,0.745575726,7,72.000000,0.64144367,0,1.000000,CLEAN,12.000000,1.115714,0.515515,1.000000,1.000000,85.000000,1.328600,0.862725,1.000000,1.000000
17700,177.000000000,176.990000000,17699,1,REST_MEASUREMENT,CLEAN_LOCAL,1.000000,0.900000,0,0,1.01564908,0.00327285775,0.0201221704,1.26914656,1.41185486,2.42033601,3.88687181,0.236261323,0.518214703,0,0,0,1,1,450,100,1,11.415864,11.000000,19.000000,none,0,70,8.97926044,X,0.190264404,----,0,86.566422,86.566422,43,3.39568901,X,75.000000,4.41709423,75.000000,4.41709423,1,8,90.000000,3.39568901,8,75.000000,4.41709423,0,81.000000,2.57606292,7,1.000000,CLEAN,12.000000,1.086923,0.742784,1.000000,1.000000,90.000000,1.580385,0.488895,0.850000,0.960000
17800,178.000000000,177.990000000,17799,1,REST_MEASUREMENT,CLEAN_LOCAL,1.000000,0.950000,0,0,1.01568401,0.0030915637,0.0216585398,1.31248569,1.46703243,2.80476737,3.88687181,0.217608929,0.423586369,0,0,0,1,1,450,100,1,11.270311,11.000000,9.000000,none,0,71,11.615365,X,0.187838525,VALID_LOW,0,87.345169,87.345169,57,4.18199492,X,109.000000,4.68699026,85.000000,0.93900466,1,8,89.000000,4.18199492,8,85.000000,0.93900466,0,81.000000,3.76871133,7,1.000000,CLEAN,11.000000,1.076595,0.539909,1.000000,1.000000,89.000000,1.766905,0.406983,1.000000,0.960000
17900,179.000000000,178.990000000,17899,1,REST_MEASUREMENT,CLEAN_LOCAL,1.000000,1.000000,0,0,1.01581526,0.00337548996,0.0234925747,1.34851837,1.50171435,2.94317555,3.65902781,0.207215384,0.39280653,0,0,0,1,1,450,100,0,10.816249,10.000000,19.000000,none,0,42,7.58470726,Y,0.180270821,VALID_LOW,0,87.705322,87.705322,54,3.33094811,X,76.000000,5.58738327,81.000000,2.99699807,1,8,88.000000,3.33094811,8,81.000000,2.99699807,0,76.000000,5.58738327,7,1.000000,CLEAN,9.000000,1.058940,0.830719,0.820000,1.000000,88.000000,1.266812,0.880198,1.000000,0.992800
18000,180.000000000,179.990000000,17999,1,REST_MEASUREMENT,CLEAN_LOCAL,1.000000,1.000000,0,0,1.01561141,0.0034290927,0.0195041895,1.51051378,1.60745776,2.42122173,3.64421463,0.217200637,0.431859493,0,0,0,1,1,450,100,1,10.530561,10.000000,30.000000,none,0,73,9.04520416,X,0.175509363,VALID_LOW,0,87.867393,87.867393,58,4.20386457,X,76.000000,5.43613434,88.000000,4.20386457,0,0,88.000000,4.20386457,0,84.000000,0.446042508,8,92.000000,1.4260931,0,1.000000,CLEAN,10.000000,1.105798,0.942771,1.000000,1.000000,88.000000,1.329131,0.579283,1.000000,1.000000
18100,181.000000000,180.990000000,18099,1,REST_MEASUREMENT,CLEAN_LOCAL,1.000000,1.000000,0,0,1.0149765,0.00315104704,0.0173528194,1.42907655,1.49289799,2.22127676,2.7971549,0.247532457,0.53242445,0,0,0,1,1,450,100,0,9.994865,10.000000,19.000000,none,0,47,7.80865288,Y,0.166581094,VALID_LOW,0,86.949829,86.949829,47,0.523146093,Z,77.000000,4.49052906,85.000000,0.523146093,0,0,85.000000,0.523146093,0,87.000000,3.5408833,0,82.000000,2.06940722,8,1.000000,CLEAN,9.000000,1.077750,0.729166,0.820000,1.000000,85.000000,1.437349,0.920905,1.000000,1.000000
18200,182.000000000,181.990000000,18199,1,REST_MEASUREMENT,CLEAN_LOCAL,1.000000,1.000000,0,0,1.01511574,0.00320824794,0.0186295509,1.22222257,1.30979455,2.05438757,3.81904173,0.233849511,0.518393517,0,0,0,1,1,450,100,1,9.996662,10.000000,19.000000,none,0,74,9.46022224,Y,0.166611031,VALID_LOW,0,86.977425,86.977425,52,3.53403592,X,77.000000,4.71807575,87.000000,3.53403592,0,0,87.000000,3.53403592,0,82.000000,2.35066438,8,94.000000,1.76311028,0,1.000000,CLEAN,10.000000,1.100088,0.524127,1.000000,1.000000,87.000000,1.298947,0.292629,1.000000,1.000000
18300,183.000000000,182.990000000,18299,1,REST_MEASUREMENT,CLEAN_LOCAL,1.000000,1.000000,0,0,1.01514053,0.00300301053,0.0192580223,1.23320258,1.36551356,2.47156143,3.81904173,0.205207095,0.442969799,0,0,0,1,1,450,100,1,9.997830,10.000000,19.000000,none,0,77,11.0854406,Y,0.166630507,VALID_LOW,0,86.989838,86.989838,58,2.83012462,Y,77.000000,6.37008429,87.000000,2.83012462,0,0,87.000000,2.83012462,0,77.000000,6.37008429,0,83.000000,1.56109083,0,1.000000,CLEAN,10.000000,1.136286,0.741182,1.000000,1.000000,87.000000,1.561924,0.893398,1.000000,1.000000
18400,184.000000000,183.990000000,18399,1,REST_MEASUREMENT,CLEAN_LOCAL,1.000000,1.000000,0,0,1.01516247,0.0027754996,0.0193741322,1.25300455,1.38369262,2.54034972,3.73088765,0.205702215,0.427138805,0,0,0,1,1,450,100,1,9.998590,10.000000,31.000000,none,0,71,7.56419611,X,0.166643158,VALID_LOW,0,87.545425,87.545425,60,5.31862831,X,88.000000,5.31862831,87.000000,4.1758213,1,9,88.000000,5.31862831,9,92.000000,1.66541374,9,77.000000,4.71420383,0,1.000000,CLEAN,10.000000,1.089459,0.915306,1.000000,1.000000,88.000000,1.333409,0.432146,1.000000,0.960000
18500,185.000000000,184.990000000,18499,1,REST_MEASUREMENT,CLEAN_LOCAL,1.000000,1.000000,0,0,1.01505959,0.00279059098,0.0182759762,1.29288363,1.40567577,2.50797057,3.52564192,0.236076325,0.444829464,0,0,0,1,1,450,100,0,9.299083,10.000000,21.000000,none,0,40,6.88459444,Y,0.154984713,VALID_LOW,0,87.245438,87.245438,61,5.03621864,X,76.000000,6.32283878,87.000000,5.03621864,0,0,87.000000,5.03621864,0,76.000000,6.32283878,8,73.000000,1.07128084,8,1.000000,CLEAN,8.000000,1.013942,0.606949,0.820000,1.000000,87.000000,1.381804,0.400493,1.000000,1.000000
18600,186.000000000,185.990000000,18599,1,REST_MEASUREMENT,CLEAN_LOCAL,1.000000,1.000000,0,0,1.01525056,0.00329086185,0.0208187103,1.41809297,1.55130088,2.86821222,3.74804497,0.249500975,0.491762161,0,0,0,1,1,450,100,0,9.194404,10.000000,18.000000,none,0,54,7.24420452,Y,0.153240055,VALID_LOW,0,87.110443,87.110443,58,4.30134439,X,76.000000,5.61263657,87.000000,4.30134439,0,0,87.000000,4.30134439,0,76.000000,5.61263657,8,82.000000,1.17397225,9,1.000000,CLEAN,9.000000,1.074194,0.670092,1.000000,1.000000,87.000000,1.369088,0.420021,1.000000,1.000000
18700,187.000000000,186.990000000,18699,1,REST_MEASUREMENT,CLEAN_LOCAL,1.000000,1.000000,0,0,1.01492214,0.00376065052,0.019547224,1.52458084,1.64183259,2.7621882,3.74804497,0.252771169,0.552797318,0,0,0,1,1,450,100,0,9.126363,10.000000,18.000000,none,0,54,7.21942759,Y,0.152106047,VALID,1,87.049698,87.049698,66,5.85188293,X,87.000000,5.85188293,87.000000,5.85188293,0,0,87.000000,5.85188293,0,93.000000,1.07465208,10,91.000000,1.37086272,10,1.000000,CLEAN,9.000000,1.097320,0.693195,1.000000,1.000000,87.000000,1.428296,0.360603,1.000000,1.000000
18800,188.000000000,187.990000000,18799,1,REST_MEASUREMENT,CLEAN_LOCAL,1.000000,1.000000,0,0,1.0147655,0.0037930524,0.019931674,1.39897537,1.49356937,2.34583235,3.68443584,0.25237456,0.521326065,0,0,0,1,1,450,100,0,8.732136,9.000000,19.000000,none,0,50,7.91560078,Y,0.145535603,VALID,1,87.022362,87.022362,72,7.17551804,X,87.000000,7.17551804,91.000000,1.34903288,1,10,87.000000,7.17551804,10,91.000000,1.34903288,0,82.000000,0.590185285,0,1.000000,CLEAN,8.000000,1.019223,0.437555,1.000000,1.000000,87.000000,1.413286,0.264736,1.000000,0.992800
18900,189.000000000,188.990000000,18899,1,REST_MEASUREMENT,CLEAN_LOCAL,1.000000,1.000000,0,0,1.01545656,0.00349566597,0.0177279711,1.25683594,1.36963487,2.29667091,3.7495563,0.22323148,0.422513485,0,0,0,1,1,450,100,1,8.825889,10.000000,18.000000,none,0,57,7.82372522,Y,0.147098139,VALID,1,87.010063,87.010063,69,6.91049528,X,86.000000,6.95933437,91.000000,1.58277404,1,10,87.000000,6.91049528,10,91.000000,1.58277404,0,89.000000,2.1667707,10,1.000000,CLEAN,9.000000,1.108170,0.628018,1.000000,1.000000,87.000000,1.384662,0.144696,1.000000,0.992800
19000,190.000000000,189.990000000,18999,1,REST_MEASUREMENT,CLEAN_LOCAL,1.000000,1.000000,0,0,1.01540744,0.00311662117,0.0176745653,1.24882901,1.38342679,2.71754766,3.7495563,0.205177814,0.388133526,0,0,0,1,1,450,100,1,9.236828,10.000000,19.000000,none,0,64,7.56940365,Y,0.15394713,VALID,1,86.454529,86.454529,74,8.25552368,X,86.000000,8.25552368,86.000000,8.25552368,0,0,86.000000,8.25552368,0,70.000000,7.78567648,0,91.000000,1.41269922,10,1.000000,CLEAN,10.000000,1.116646,0.842937,1.000000,1.000000,86.000000,1.427802,0.117835,1.000000,1.000000
19100,191.000000000,190.990000000,19099,1,REST_MEASUREMENT,CLEAN_LOCAL,1.000000,1.000000,0,0,1.01500344,0.00291562546,0.0175460577,1.2678349,1.39028084,2.71754766,3.69474912,0.213499516,0.419425964,0,0,0,1,1,450,100,0,8.803938,10.000000,18.000000,none,0,45,6.33907366,Y,0.146732301,VALID,1,86.754539,86.754539,77,8.48434734,X,69.000000,10.9769268,82.000000,0.559074819,1,10,87.000000,8.48434734,10,69.000000,10.9769268,8,82.000000,0.559074819,0,1.000000,CLEAN,8.000000,1.006630,0.756485,1.000000,1.000000,87.000000,1.400417,0.205070,1.000000,0.992800
19200,192.000000000,191.990000000,19199,1,REST_MEASUREMENT,CLEAN_LOCAL,1.000000,1.000000,0,0,1.01504683,0.00332865911,0.0197457075,1.44659567,1.56266463,2.92097998,3.70246005,0.230561823,0.511991978,0,0,0,1,1,450,100,1,9.222560,10.000000,23.000000,none,0,67,12.1965637,Y,0.153709337,VALID,1,86.889542,86.889542,72,7.61747551,X,69.000000,9.81167603,87.000000,7.61747551,0,0,87.000000,7.61747551,0,69.000000,9.81167603,0,82.000000,1.22063565,9,1.000000,CLEAN,10.000000,1.104345,0.529908,1.000000,1.000000,87.000000,1.288205,0.270455,1.000000,1.000000
19300,193.000000000,192.990000000,19299,1,REST_MEASUREMENT,CLEAN_LOCAL,1.000000,1.000000,0,0,1.01464641,0.00381663069,0.0210756063,1.53698397,1.62542033,2.69427562,3.70246005,0.243891865,0.555515289,0,0,0,1,1,450,100,1,9.844664,11.000000,19.000000,none,0,61,9.94593239,Y,0.164077729,----,0,86.889542,86.889542,12,8.81126404,Z,70.000000,8.81126404,86.000000,3.31131721,1,7,70.000000,8.81126404,7,88.000000,4.35919476,9,79.000000,3.15267348,8,1.000000,CLEAN,11.000000,1.094061,0.704228,0.820000,1.000000,70.000000,1.280687,0.391656,0.200000,0.992800
19400,194.000000000,193.990000000,19399,1,REST_MEASUREMENT,CLEAN_LOCAL,1.000000,1.000000,0,0,1.01451015,0.00351047097,0.0192946196,1.34309781,1.42932665,2.23351359,3.39710784,0.22741729,0.477361679,0,0,0,1,1,450,100,1,10.249031,11.000000,29.000000,none,0,63,7.23834562,Y,0.170817181,VALID,1,86.950294,86.950294,66,6.65735483,X,69.000000,9.89770794,87.000000,6.65735483,0,0,87.000000,6.65735483,0,69.000000,9.89770794,0,80.000000,2.82513452,8,1.000000,CLEAN,11.000000,1.079330,0.906366,1.000000,1.000000,87.000000,1.277231,0.094892,1.000000,1.000000
19500,195.000000000,194.990000000,19499,1,REST_MEASUREMENT,CLEAN_LOCAL,1.000000,1.000000,0,0,1.01493883,0.00307641923,0.0184692144,1.23198462,1.33947861,2.28254294,3.39710784,0.208357617,0.423407555,0,0,0,1,1,450,100,1,10.161870,10.000000,20.000000,none,0,73,9.73485374,Y,0.169364497,VALID,1,87.527634,87.527634,70,7.61012459,X,69.000000,9.85499287,88.000000,7.61012459,0,0,88.000000,7.61012459,0,69.000000,9.85499287,7,85.000000,1.18324602,0,1.000000,CLEAN,10.000000,1.097893,0.562042,1.000000,1.000000,88.000000,1.370863,0.069907,1.000000,1.000000
19600,196.000000000,195.990000000,19599,1,REST_MEASUREMENT,CLEAN_LOCAL,1.000000,1.000000,0,0,1.01486957,0.0028926474,0.0184582472,1.23531604,1.34548962,2.43881822,3.47552371,0.208038956,0.390195847,0,0,0,1,1,450,100,1,10.105215,10.000000,20.000000,none,0,74,14.4247551,Y,0.168420255,VALID,1,88.337433,88.337433,65,7.11220503,X,69.000000,11.0473776,88.000000,6.46727085,1,9,89.000000,7.11220503,9,69.000000,11.0473776,7,85.000000,1.17722583,0,1.000000,CLEAN,10.000000,1.116220,0.611656,1.000000,1.000000,89.000000,1.223450,0.084657,1.000000,0.984000
19700,197.000000000,196.990000000,19699,1,REST_MEASUREMENT,CLEAN_LOCAL,1.000000,1.000000,0,0,1.01498854,0.00304316985,0.0169048309,1.2927109,1.39960301,2.47700739,3.47552371,0.220288321,0.390195847,0,0,0,1,1,450,100,1,10.068390,10.000000,23.000000,none,0,75,11.9539032,Y,0.167806491,VALID,1,88.701843,88.701843,67,7.21302843,X,69.000000,8.62368488,88.000000,5.4386034,1,9,89.000000,7.21302843,9,69.000000,8.62368488,7,113.000000,0.637159884,11,1.000000,CLEAN,10.000000,1.079130,0.750515,1.000000,1.000000,89.000000,1.280123,0.039819,1.000000,0.984000
19800,198.000000000,197.990000000,19799,1,REST_MEASUREMENT,CLEAN_LOCAL,1.000000,1.000000,0,0,1.01516128,0.00390539737,0.0210916996,1.52650785,1.63562083,2.81359792,3.17132902,0.247268915,0.474214554,0,0,0,1,1,450,100,1,10.044454,10.000000,30.000000,none,0,76,11.9851904,Y,0.167407557,----,0,88.701843,88.701843,13,10.3276062,Z,69.000000,10.3276062,85.000000,1.25248587,1,7,69.000000,10.3276062,7,89.000000,6.19786072,9,85.000000,1.25248587,0,1.000000,CLEAN,10.000000,1.132147,0.642641,1.000000,1.000000,69.000000,1.406347,0.596954,0.200000,0.984000
19900,199.000000000,198.990000000,19899,1,REST_MEASUREMENT,CLEAN_LOCAL,1.000000,1.000000,0,0,1.01469874,0.00403522747,0.0210916996,1.53536952,1.63308406,2.57828212,3.16280723,0.253721446,0.504875183,0,0,0,1,1,450,100,1,10.028894,10.000000,18.000000,none,0,75,14.6792173,Y,0.167148247,----,0,88.701843,88.701843,12,8.09207058,Z,69.000000,8.09207058,87.000000,2.40534568,1,7,69.000000,8.09207058,7,88.000000,2.58944154,9,82.000000,2.43885064,8,1.000000,CLEAN,10.000000,1.116454,0.544739,1.000000,1.000000,69.000000,1.409004,0.601690,0.200000,0.984000
20000,200.000000000,199.990000000,19999,1,REST_MEASUREMENT,CLEAN_LOCAL,1.000000,1.000000,0,0,1.01454616,0.00356475473,0.0175865889,1.33822572,1.44107139,2.18814731,4.13151026,0.237389386,0.501537323,0,0,0,1,1,450,100,1,10.018782,10.000000,27.000000,none,0,74,10.940567,Y,0.1669797,VALID,1,86.701843,86.701843,72,8.15591431,Z,69.000000,8.15591431,84.000000,1.00924683,1,7,69.000000,8.15591431,7,82.000000,2.34338975,8,91.000000,2.03179979,9,1.000000,CLEAN,10.000000,1.066023,0.630937,1.000000,1.000000,69.000000,1.397243,0.594557,0.200000,0.984000
20100,201.000000000,200.990000000,20099,1,REST_MEASUREMENT,CLEAN_LOCAL,1.000000,1.000000,0,0,1.01536655,0.00341608468,0.0186498165,1.28157806,1.41465425,2.60059071,4.13151026,0.215168476,0.439918041,0,0,0,1,1,450,100,1,9.662209,10.000000,18.000000,none,0,55,10.2870789,Y,0.161036804,VALID,1,84.701843,84.701843,65,7.22412062,Y,70.000000,7.22412062,94.000000,0.7578547,1,7,70.000000,7.22412062,7,94.000000,0.7578547,0,84.000000,1.46618104,0,1.000000,CLEAN,9.000000,1.058817,0.535776,1.000000,1.000000,70.000000,1.283828,0.746055,0.200000,0.982000
20200,202.000000000,201.990000000,20199,1,NOT_REST,DISTURBANCE,0.900000,0.950000,1,1,1.27068889,0.517038703,2.38090873,46.9677696,101.274666,249.123856,399.726898,20.0777798,48.4480858,0,1,0,0,0,450,100,,,,,,,,,,,,,,,,,,,,,,,,,,,,,,,,,,,,,,,,,,,
20300,203.000000000,202.990000000,20299,1,NOT_REST,DISTURBANCE,0.800000,0.900000,2,1,1.4790163,0.649501801,2.70433187,103.321037,156.223846,329.881378,399.726898,28.9982834,75.4659424,0,0,1,0,0,0,0,,,,,,,,,,,,,,,,,,,,,,,,,,,,,,,,,,,,,,,,,,,
20400,204.000000000,203.990000000,20399,1,NOT_REST,DISTURBANCE,0.700000,0.850000,3,1,1.22432983,0.510551155,2.70433187,59.0302048,118.999405,317.276428,398.523895,20.1496696,50.1760254,0,0,0,0,0,0,0,,,,,,,,,,,,,,,,,,,,,,,,,,,,,,,,,,,,,,,,,,,
20500,205.000000000,204.990000000,20499,1,NOT_REST,CLEAN_LOCAL,0.700000,0.850000,0,0,1.01533735,0.00490671257,0.0285869837,3.28410673,3.77413177,7.30350924,9.8340807,0.288516313,0.582146645,0,0,0,0,0,0,0,,,,,,,,,,,,,,,,,,,,,,,,,,,,,,,,,,,,,,,,,,,
20600,206.000000000,205.990000000,20599,1,NOT_REST,CLEAN_LOCAL,0.700000,0.850000,0,0,1.01467955,0.00403031055,0.0235368013,1.86639285,2.15602016,4.02626467,5.49169016,0.27479583,0.582146645,0,0,0,0,0,0,0,,,,,,,,,,,,,,,,,,,,,,,,,,,,,,,,,,,,,,,,,,,
20700,207.000000000,206.990000000,20699,1,NOT_REST,CLEAN_LOCAL,0.700000,0.850000,0,0,1.01512074,0.00399105437,0.0226939917,1.25458384,1.37327766,2.15237546,3.72898889,0.276151985,0.597465038,0,0,0,0,0,0,0,,,,,,,,,,,,,,,,,,,,,,,,,,,,,,,,,,,,,,,,,,,
20800,208.000000000,207.990000000,20799,1,NOT_REST,CLEAN_LOCAL,0.700000,0.850000,0,0,1.01567912,0.00372592942,0.0177675486,1.20852482,1.35402262,2.39746809,3.72898889,0.25800997,0.517761707,0,0,0,0,0,0,0,,,,,,,,,,,,,,,,,,,,,,,,,,,,,,,,,,,,,,,,,,,
20900,209.000000000,208.990000000,20899,1,NOT_REST,CLEAN_LOCAL,0.700000,0.850000,0,0,1.01560938,0.00365098682,0.0197310448,1.19943738,1.3088218,2.2702837,2.85669732,0.238905534,0.44516325,0,0,0,0,0,0,0,,,,,,,,,,,,,,,,,,,,,,,,,,,,,,,,,,,,,,,,,,,
21000,210.000000000,209.990000000,20999,1,NOT_REST,CLEAN_LOCAL,0.700000,0.850000,0,0,1.01521266,0.00321104215,0.0175303221,1.21481669,1.2653991,2.0803113,2.3912487,0.218391374,0.375902653,0,0,0,0,0,0,0,,,,,,,,,,,,,,,,,,,,,,,,,,,,,,,,,,,,,,,,,,,
21100,211.000000000,210.990000000,21099,1,NOT_REST,CLEAN_LOCAL,0.700000,0.850000,0,0,1.01525974,0.003026071,0.0165828466,1.2213912,1.2683121,2.06992531,2.43511105,0.210131273,0.393259525,0,0,0,0,0,0,0,,,,,,,,,,,,,,,,,,,,,,,,,,,,,,,,,,,,,,,,,,,
21200,212.000000000,211.990000000,21199,1,REST_PENDING,CLEAN_LOCAL,0.800000,0.850000,0,0,1.01527166,0.00391688105,0.0217568874,1.50547087,1.59557188,2.65622663,3.30564761,0.251915067,0.518548489,0,0,0,0,0,0,0,,,,,,,,,,,,,,,,,,,,,,,,,,,,,,,,,,,,,,,,,,,
21300,213.000000000,212.990000000,21299,1,REST_MEASUREMENT,CLEAN_LOCAL,0.900000,0.850000,0,0,1.01505315,0.00436591776,0.0217568874,1.56777179,1.65212357,2.6978395,3.30564761,0.26575613,0.563263893,1,0,1,1,0,0,0,0,0.000000,0.000000,0.000000,none,0,0,0,NONE,0,----,0,0.000000,0.000000,0,0,NONE,0.000000,0,0.000000,0,0,0,0.000000,0,0,0.000000,0,0,0.000000,0,0,1.000000,CLEAN,0.000000,0.000000,0.000000,0.000000,0.000000,0.000000,0.000000,0.000000,0.000000,0.000000
21400,214.000000000,213.990000000,21399,1,REST_MEASUREMENT,CLEAN_LOCAL,1.000000,0.850000,0,0,1.01502001,0.00372631266,0.0189753771,1.2616924,1.34479105,2.13000941,3.53025365,0.246546671,0.55577755,0,0,0,1,0,25,5,0,0.000000,0.000000,0.000000,none,0,0,0,NONE,0,----,0,0.000000,0.000000,0,0,NONE,0.000000,0,0.000000,0,0,0,0.000000,0,0,0.000000,0,0,0.000000,0,0,1.000000,CLEAN,0.000000,0.000000,0.000000,0.000000,0.000000,0.000000,0.000000,0.000000,0.000000,0.000000
21500,215.000000000,214.990000000,21499,1,REST_MEASUREMENT,CLEAN_LOCAL,1.000000,0.850000,0,0,1.01536036,0.00347305345,0.0187826157,1.24286437,1.35074294,2.46922159,3.53025365,0.247519866,0.513613224,0,0,0,1,0,50,11,0,0.000000,0.000000,0.000000,none,0,0,0,NONE,0,----,0,0.000000,0.000000,0,0,NONE,0.000000,0,0.000000,0,0,0,0.000000,0,0,0.000000,0,0,0.000000,0,0,1.000000,CLEAN,0.000000,0.000000,0.000000,0.000000,0.000000,0.000000,0.000000,0.000000,0.000000,0.000000
21600,216.000000000,215.990000000,21599,1,REST_MEASUREMENT,CLEAN_LOCAL,1.000000,0.850000,0,0,1.0155375,0.00307642226,0.0184761286,1.23402715,1.32299745,2.41856384,3.0603745,0.215622768,0.424134731,0,0,0,1,0,75,16,0,0.000000,0.000000,0.000000,none,0,0,0,NONE,0,----,0,0.000000,0.000000,0,0,NONE,0.000000,0,0.000000,0,0,0,0.000000,0,0,0.000000,0,0,0.000000,0,0,1.000000,CLEAN,0.000000,0.000000,0.000000,0.000000,0.000000,0.000000,0.000000,0.000000,0.000000,0.000000
21700,217.000000000,216.990000000,21699,1,REST_MEASUREMENT,CLEAN_LOCAL,1.000000,0.850000,0,0,1.01551664,0.00271392893,0.0183488131,1.18147397,1.24291956,2.23640823,2.75324845,0.201688945,0.418102741,0,0,0,1,0,100,22,0,0.000000,0.000000,0.000000,none,0,0,0,NONE,0,----,0,0.000000,0.000000,0,0,NONE,0.000000,0,0.000000,0,0,0,0.000000,0,0,0.000000,0,0,0.000000,0,0,1.000000,CLEAN,0.000000,0.000000,0.000000,0.000000,0.000000,0.000000,0.000000,0.000000,0.000000,0.000000
21800,218.000000000,217.990000000,21799,1,REST_MEASUREMENT,CLEAN_LOCAL,1.000000,0.850000,0,0,1.01540601,0.00307542039,0.0190047026,1.27167237,1.34197044,2.2492435,3.30193973,0.216415972,0.463402271,0,0,0,1,0,125,27,0,0.000000,0.000000,0.000000,none,0,0,0,NONE,0,----,0,0.000000,0.000000,0,0,NONE,0.000000,0,0.000000,0,0,0,0.000000,0,0,0.000000,0,0,0.000000,0,0,1.000000,CLEAN,0.000000,0.000000,0.000000,0.000000,0.000000,0.000000,0.000000,0.000000,0.000000,0.000000
21900,219.000000000,218.990000000,21899,1,REST_MEASUREMENT,CLEAN_LOCAL,1.000000,0.850000,0,0,1.01534426,0.00317836483,0.0170031786,1.28385258,1.36259627,2.23508978,3.30193973,0.206585541,0.43746233,0,0,0,1,0,150,33,0,0.000000,0.000000,0.000000,none,0,0,0,NONE,0,----,0,0.000000,0.000000,0,0,NONE,0.000000,0,0.000000,0,0,0,0.000000,0,0,0.000000,0,0,0.000000,0,0,1.000000,CLEAN,0.000000,0.000000,0.000000,0.000000,0.000000,0.000000,0.000000,0.000000,0.000000,0.000000
22000,220.000000000,219.990000000,21999,1,REST_MEASUREMENT,CLEAN_LOCAL,1.000000,0.850000,0,0,1.01544833,0.00300032413,0.0167645216,1.25397229,1.32938015,2.13115954,3.11624098,0.196148425,0.402283669,0,0,0,1,0,175,38,0,0.000000,0.000000,0.000000,none,0,0,0,NONE,0,----,0,0.000000,0.000000,0,0,NONE,0.000000,0,0.000000,0,0,0,0.000000,0,0,0.000000,0,0,0.000000,0,0,1.000000,CLEAN,0.000000,0.000000,0.000000,0.000000,0.000000,0.000000,0.000000,0.000000,0.000000,0.000000
22100,221.000000000,220.990000000,22099,1,REST_MEASUREMENT,CLEAN_LOCAL,1.000000,0.850000,0,0,1.01532507,0.00321291992,0.018550396,1.47791338,1.55695605,2.3953433,3.51014638,0.205963701,0.462341309,0,0,0,1,0,200,44,0,0.000000,0.000000,0.000000,none,0,0,0,NONE,0,----,0,0.000000,0.000000,0,0,NONE,0.000000,0,0.000000,0,0,0,0.000000,0,0,0.000000,0,0,0.000000,0,0,1.000000,CLEAN,0.000000,0.000000,0.000000,0.000000,0.000000,0.000000,0.000000,0.000000,0.000000,0.000000
22200,222.000000000,221.990000000,22199,1,REST_MEASUREMENT,CLEAN_LOCAL,1.000000,0.900000,0,0,1.01511991,0.00331044127,0.018550396,1.51587236,1.61604404,2.41306543,4.23693419,0.20979397,0.469183922,0,0,0,1,0,225,50,0,0.000000,0.000000,0.000000,none,0,0,0,NONE,0,----,0,0.000000,0.000000,0,0,NONE,0.000000,0,0.000000,0,0,0,0.000000,0,0,0.000000,0,0,0.000000,0,0,1.000000,CLEAN,0.000000,0.000000,0.000000,0.000000,0.000000,0.000000,0.000000,0.000000,0.000000,0.000000
22300,223.000000000,222.990000000,22299,1,REST_MEASUREMENT,CLEAN_LOCAL,1.000000,0.950000,0,0,1.01522398,0.00286741019,0.0163655281,1.24343586,1.35491979,2.11341023,4.23693419,0.198676229,0.428926945,0,0,0,1,0,250,55,0,0.000000,0.000000,0.000000,none,0,0,0,NONE,0,----,0,0.000000,0.000000,0,0,NONE,0.000000,0,0.000000,0,0,0,0.000000,0,0,0.000000,0,0,0.000000,0,0,1.000000,CLEAN,0.000000,0.000000,0.000000,0.000000,0.000000,0.000000,0.000000,0.000000,0.000000,0.000000
22400,224.000000000,223.990000000,22399,1,REST_MEASUREMENT,CLEAN_LOCAL,1.000000,1.000000,0,0,1.01545525,0.00247671548,0.0170724392,1.1605134,1.23226976,2.12855339,2.84162211,0.202934906,0.370311737,0,0,0,1,0,275,61,0,0.000000,0.000000,0.000000,none,0,0,0,NONE,0,----,0,0.000000,0.000000,0,0,NONE,0.000000,0,0.000000,0,0,0,0.000000,0,0,0.000000,0,0,0.000000,0,0,1.000000,CLEAN,0.000000,0.000000,0.000000,0.000000,0.000000,0.000000,0.000000,0.000000,0.000000,0.000000
22500,225.000000000,224.990000000,22499,1,REST_MEASUREMENT,CLEAN_LOCAL,1.000000,1.000000,0,0,1.01538467,0.00269482448,0.0176810026,1.32127285,1.38308859,2.12855339,2.89429331,0.232191533,0.436282158,0,0,0,1,0,300,66,0,0.000000,0.000000,0.000000,none,0,0,0,NONE,0,----,0,0.000000,0.000000,0,0,NONE,0.000000,0,0.000000,0,0,0,0.000000,0,0,0.000000,0,0,0.000000,0,0,1.000000,CLEAN,0.000000,0.000000,0.000000,0.000000,0.000000,0.000000,0.000000,0.000000,0.000000,0.000000
22600,226.000000000,225.990000000,22599,1,REST_MEASUREMENT,CLEAN_LOCAL,1.000000,1.000000,0,0,1.01515865,0.00346321519,0.0225775242,1.49524069,1.55586922,2.30764556,3.13657904,0.236627519,0.552451611,0,0,0,1,0,325,72,0,0.000000,0.000000,0.000000,none,0,0,0,NONE,0,----,0,0.000000,0.000000,0,0,NONE,0.000000,0,0.000000,0,0,0,0.000000,0,0,0.000000,0,0,0.000000,0,0,1.000000,CLEAN,0.000000,0.000000,0.000000,0.000000,0.000000,0.000000,0.000000,0.000000,0.000000,0.000000
22700,227.000000000,226.990000000,22699,1,REST_MEASUREMENT,CLEAN_LOCAL,1.000000,1.000000,0,0,1.01505327,0.00359903532,0.019022584,1.37725508,1.45720017,2.27515149,3.23738194,0.251447529,0.580155849,0,0,0,1,0,350,77,0,0.000000,0.000000,0.000000,none,0,0,0,NONE,0,----,0,0.000000,0.000000,0,0,NONE,0.000000,0,0.000000,0,0,0,0.000000,0,0,0.000000,0,0,0.000000,0,0,1.000000,CLEAN,0.000000,0.000000,0.000000,0.000000,0.000000,0.000000,0.000000,0.000000,0.000000,0.000000
22800,228.000000000,227.990000000,22799,1,REST_MEASUREMENT,CLEAN_LOCAL,1.000000,1.000000,0,0,1.01521182,0.0033582123,0.0181607008,1.23259294,1.30997288,2.14845896,3.23738194,0.245303839,0.568223,0,0,0,1,0,375,83,0,0.000000,0.000000,0.000000,none,0,0,0,NONE,0,----,0,0.000000,0.000000,0,0,NONE,0.000000,0,0.000000,0,0,0,0.000000,0,0,0.000000,0,0,0.000000,0,0,1.000000,CLEAN,0.000000,0.000000,0.000000,0.000000,0.000000,0.000000,0.000000,0.000000,0.000000,0.000000
22900,229.000000000,228.990000000,22899,1,REST_MEASUREMENT,CLEAN_LOCAL,1.000000,1.000000,0,0,1.01542485,0.0029740585,0.0172642469,1.20492744,1.28664815,2.14845896,2.99220562,0.218290582,0.485134125,0,0,0,1,0,400,88,0,0.000000,0.000000,0.000000,none,0,0,0,NONE,0,----,0,0.000000,0.000000,0,0,NONE,0.000000,0,0.000000,0,0,0,0.000000,0,0,0.000000,0,0,0.000000,0,0,1.000000,CLEAN,0.000000,0.000000,0.000000,0.000000,0.000000,0.000000,0.000000,0.000000,0.000000,0.000000
23000,230.000000000,229.990000000,22999,1,REST_MEASUREMENT,CLEAN_LOCAL,1.000000,1.000000,0,0,1.01533771,0.00246982393,0.0170590878,1.2057265,1.2851795,2.14248157,3.00493383,0.208560571,0.44708252,0,0,0,1,0,425,94,0,0.000000,0.000000,0.000000,none,0,0,0,NONE,0,----,0,0.000000,0.000000,0,0,NONE,0.000000,0,0.000000,0,0,0,0.000000,0,0,0.000000,0,0,0.000000,0,0,1.000000,CLEAN,0.000000,0.000000,0.000000,0.000000,0.000000,0.000000,0.000000,0.000000,0.000000,0.000000
23100,231.000000000,230.990000000,23099,1,REST_MEASUREMENT,CLEAN_LOCAL,1.000000,1.000000,0,0,1.01531231,0.00278066704,0.0195308924,1.34712052,1.42273188,2.37512136,3.00493383,0.20944722,0.421285629,0,0,0,1,1,450,100,0,0.000000,12.000000,19.000000,none,0,65,7.7356863,Y,0,----,0,0.000000,0.000000,75,9.23913479,Z,67.000000,9.23913479,67.000000,9.23913479,0,0,67.000000,9.23913479,0,72.000000,3.64908552,6,117.000000,0.958927631,0,1.000000,CLEAN,12.000000,1.095935,0.967907,0.700000,1.000000,67.000000,1.276963,0.712398,0.700000,1.000000
23200,232.000000000,231.990000000,23199,1,REST_MEASUREMENT,CLEAN_LOCAL,1.000000,1.000000,0,0,1.01516008,0.00329046976,0.0182299614,1.42169154,1.48279083,2.37394452,2.7770741,0.234726444,0.514793396,0,0,0,1,1,450,100,1,11.000000,10.000000,21.000000,none,0,61,10.4516287,Z,0.183333337,VALID,1,66.500000,66.500000,72,9.02429581,Z,66.000000,9.02429581,72.000000,3.76856375,1,6,66.000000,9.02429581,6,76.000000,1.71256077,7,87.000000,1.4276036,8,1.000000,CLEAN,10.000000,1.098725,0.893647,0.700000,1.000000,66.000000,1.318846,0.598321,0.700000,0.919000
23300,233.000000000,232.990000000,23299,1,REST_MEASUREMENT,CLEAN_LOCAL,1.000000,1.000000,0,0,1.01518857,0.00355967646,0.0205020905,1.27948391,1.34999752,2.1088953,2.99735689,0.244624734,0.481188297,0,0,0,1,1,450,100,1,10.650000,10.000000,20.000000,none,0,72,9.20291615,X,0.177499995,VALID,1,66.224998,66.224998,79,9.98664856,Z,66.000000,9.98664856,67.000000,7.88646889,1,6,66.000000,9.98664856,6,63.000000,4.45153236,6,80.000000,5.85119915,0,1.000000,CLEAN,10.000000,1.087920,0.996395,1.000000,1.000000,66.000000,1.288469,0.559242,1.000000,0.928000
23400,234.000000000,233.990000000,23399,1,REST_MEASUREMENT,CLEAN_LOCAL,1.000000,1.000000,0,0,1.01553512,0.00327254599,0.0191214085,1.17727995,1.25997984,2.1088953,2.99735689,0.220636785,0.455915928,0,0,0,1,1,450,100,1,10.422500,10.000000,20.000000,none,0,72,11.2709541,Y,0.173708335,VALID,1,67.201248,67.201248,75,7.53549623,Y,66.000000,8.76629257,67.000000,8.555439,0,0,68.000000,7.53549623,0,66.000000,8.76629257,0,63.000000,5.37894773,6,1.000000,CLEAN,10.000000,1.081933,0.753844,1.000000,1.000000,68.000000,1.448361,0.862155,1.000000,1.000000
23500,235.000000000,234.990000000,23499,1,REST_MEASUREMENT,CLEAN_LOCAL,1.000000,1.000000,0,0,1.01553786,0.00266002468,0.015622139,1.19516718,1.26721847,2.17424726,2.93222928,0.204848841,0.426661968,0,0,0,1,1,450,100,1,10.274625,10.000000,19.000000,none,0,74,14.4160452,Y,0.171243742,VALID,1,67.090561,67.090561,81,11.7231541,Z,67.000000,11.7231541,67.000000,11.7231541,0,0,67.000000,11.7231541,0,79.000000,6.813025,0,62.000000,3.72659516,6,1.000000,CLEAN,10.000000,1.102022,0.808166,1.000000,1.000000,67.000000,1.316001,0.501925,1.000000,1.000000
23600,236.000000000,235.990000000,23599,1,REST_MEASUREMENT,CLEAN_LOCAL,1.000000,1.000000,0,0,1.01548839,0.00251544896,0.0142062902,1.20380235,1.26651037,2.0749495,2.7704494,0.195032418,0.376749039,0,0,0,1,1,450,100,1,10.528506,10.000000,22.000000,none,0,72,10.6153955,X,0.175475106,VALID,1,67.040756,67.040756,83,9.03202152,Z,67.000000,9.03202152,67.000000,9.03202152,0,0,67.000000,9.03202152,0,63.000000,3.43941975,6,79.000000,4.84322548,0,1.000000,CLEAN,11.000000,1.093062,0.924313,1.000000,1.000000,67.000000,1.276209,0.841905,1.000000,1.000000
