sample_count,algorithm_time_s,input_time_s,input_sample_index,rest_update_ok,rest_state,local_label,clean_ratio_10s,clean_ratio_20s,consecutive_disturbance,strong_motion,acc_mag_mean,acc_mag_std,acc_mag_range,gyr_mag_mean,gyr_mag_rms,gyr_mag_p95,gyr_mag_max,acc_jerk_rms,acc_jerk_p95,entered_measurement,left_measurement,vital_reset_since_previous_second,vital_estimate_called,vital_estimate_returned,vital_stored_samples,vital_fill_percent,rr_valid,rr_bpm,rr_raw_bpm,rr_alt_bpm,rr_correction,rr_energy_low,rr_sqi,rr_snr,rr_axis,rr_peak_freq_hz,hr_status,hr_valid,hr_bpm,hr_tracked_bpm,hr_sqi,hr_snr,hr_axis,hr_raw_bpm,hr_raw_snr,hr_clean_bpm,hr_clean_snr,hr_near_harmonic,hr_harmonic_k,hr_cand1_bpm,hr_cand1_snr,hr_cand1_harm_k,hr_cand2_bpm,hr_cand2_snr,hr_cand2_harm_k,hr_cand3_bpm,hr_cand3_snr,hr_cand3_harm_k,motion_quality,motion_class,rr_candidate_bpm,rr_prominence,rr_axis_support,rr_continuity_quality,rr_harmonic_quality,hr_candidate_bpm,hr_prominence,hr_axis_support,hr_continuity_quality,hr_harmonic_quality
100,1.000000000,0.990000000,99,0,NOT_REST,DISTURBANCE,0.000000,0.000000,0,0,0,0,0,0,0,0,0,0,0,0,0,0,0,0,0,0,,,,,,,,,,,,,,,,,,,,,,,,,,,,,,,,,,,,,,,,,,,
200,2.000000000,1.990000000,199,1,NOT_REST,CLEAN_LOCAL,1.000000,1.000000,0,0,1.01629555,0.00462281518,0.0243343115,1.5187161,1.6902231,2.98499417,3.44097567,0.244529277,0.542879105,0,0,0,0,0,0,0,,,,,,,,,,,,,,,,,,,,,,,,,,,,,,,,,,,,,,,,,,,
300,3.000000000,2.990000000,299,1,NOT_REST,CLEAN_LOCAL,1.000000,1.000000,0,0,1.01692402,0.00363536854,0.0218991041,1.9501096,2.17168021,3.49246693,4.06049967,0.256678015,0.57246685,0,0,0,0,0,0,0,,,,,,,,,,,,,,,,,,,,,,,,,,,,,,,,,,,,,,,,,,,
400,4.000000000,3.990000000,399,1,NOT_REST,CLEAN_LOCAL,1.000000,1.000000,0,0,1.01441026,0.00628751749,0.0339651704,2.58227754,2.72351956,3.96857595,5.04123783,0.307892263,0.650548935,0,0,0,0,0,0,0,,,,,,,,,,,,,,,,,,,,,,,,,,,,,,,,,,,,,,,,,,,
500,5.000000000,4.990000000,499,1,NOT_REST,CLEAN_LOCAL,1.000000,1.000000,0,0,1.01595795,0.0105849355,0.0593163371,2.54465985,2.74414062,4.35213804,5.04123783,0.389605731,0.729584694,0,0,0,0,0,0,0,,,,,,,,,,,,,,,,,,,,,,,,,,,,,,,,,,,,,,,,,,,
600,6.000000000,5.990000000,599,1,NOT_REST,CLEAN_LOCAL,1.000000,1.000000,0,0,1.01848018,0.0090967454,0.0589225292,2.39643335,2.5397346,4.21138668,5.01967144,0.359132439,0.707089901,0,0,0,0,0,0,0,,,,,,,,,,,,,,,,,,,,,,,,,,,,,,,,,,,,,,,,,,,
700,7.000000000,6.990000000,699,1,NOT_REST,CLEAN_LOCAL,1.000000,1.000000,0,0,1.01633346,0.00419529993,0.0242466927,1.88444138,1.98437452,2.82406855,3.43707967,0.257376909,0.487875938,0,0,0,0,0,0,0,,,,,,,,,,,,,,,,,,,,,,,,,,,,,,,,,,,,,,,,,,,
800,8.000000000,7.990000000,799,1,NOT_REST,CLEAN_LOCAL,1.000000,1.000000,0,0,1.0159843,0.00387970987,0.0209497213,1.46485257,1.57206213,2.53632307,3.43707967,0.275534809,0.64920187,0,0,0,0,0,0,0,,,,,,,,,,,,,,,,,,,,,,,,,,,,,,,,,,,,,,,,,,,
900,9.000000000,8.990000000,899,1,NOT_REST,CLEAN_LOCAL,1.000000,1.000000,0,0,1.01630819,0.00307726744,0.0185803175,1.22174275,1.30995059,2.04205203,2.66625285,0.236498535,0.542831421,0,0,0,0,0,0,0,,,,,,,,,,,,,,,,,,,,,,,,,,,,,,,,,,,,,,,,,,,
1000,10.000000000,9.990000000,999,1,NOT_REST,CLEAN_LOCAL,1.000000,1.000000,0,0,1.01630604,0.00363002182,0.0228505135,1.72179306,1.90676725,3.23311019,3.72102451,0.255890518,0.550174713,0,0,0,0,0,0,0,,,,,,,,,,,,,,,,,,,,,,,,,,,,,,,,,,,,,,,,,,,
1100,11.000000000,10.990000000,1099,1,REST_PENDING,CLEAN_LOCAL,1.000000,1.000000,0,0,1.01613736,0.00387772825,0.0228505135,1.73731983,1.9416585,3.24124599,3.72102451,0.275921822,0.541079044,0,0,0,0,0,0,0,,,,,,,,,,,,,,,,,,,,,,,,,,,,,,,,,,,,,,,,,,,
1200,12.000000000,11.990000000,1199,1,REST_MEASUREMENT,CLEAN_LOCAL,1.000000,1.000000,0,0,1.01631308,0.00393903395,0.0243732929,1.17810786,1.3133049,2.28257632,3.65353107,0.25718081,0.545966625,1,0,1,1,0,0,0,0,0.000000,0.000000,0.000000,none,0,0,0,NONE,0,----,0,0.000000,0.000000,0,0,NONE,0.000000,0,0.000000,0,0,0,0.000000,0,0,0.000000,0,0,0.000000,0,0,1.000000,CLEAN,0.000000,0.000000,0.000000,0.000000,0.000000,0.000000,0.000000,0.000000,0.000000,0.000000
1300,13.000000000,12.990000000,1299,1,REST_MEASUREMENT,CLEAN_LOCAL,1.000000,1.000000,0,0,1.01662934,0.00387051795,0.0243732929,1.33911777,1.46247447,2.40984273,3.07124996,0.237585008,0.524055958,0,0,0,1,0,25,5,0,0.000000,0.000000,0.000000,none,0,0,0,NONE,0,----,0,0.000000,0.000000,0,0,NONE,0.000000,0,0.000000,0,0,0,0.000000,0,0,0.000000,0,0,0.000000,0,0,1.000000,CLEAN,0.000000,0.000000,0.000000,0.000000,0.000000,0.000000,0.000000,0.000000,0.000000,0.000000
1400,14.000000000,13.990000000,1399,1,REST_MEASUREMENT,CLEAN_LOCAL,1.000000,1.000000,0,0,1.01615953,0.00443424983,0.0288193226,1.85902286,2.0064013,3.07124996,4.18734789,0.269898832,0.538873672,0,0,0,1,0,50,11,0,0.000000,0.000000,0.000000,none,0,0,0,NONE,0,----,0,0.000000,0.000000,0,0,NONE,0.000000,0,0.000000,0,0,0,0.000000,0,0,0.000000,0,0,0.000000,0,0,0.900000,MILD,0.000000,0.000000,0.000000,0.000000,0.000000,0.000000,0.000000,0.000000,0.000000,0.000000
1500,15.000000000,14.990000000,1499,1,REST_MEASUREMENT,CLEAN_LOCAL,1.000000,1.000000,0,0,1.01583636,0.00447952468,0.0288193226,1.62549424,1.8574425,3.23771286,4.18734789,0.27760464,0.597143173,0,0,0,1,0,75,16,0,0.000000,0.000000,0.000000,none,0,0,0,NONE,0,----,0,0.000000,0.000000,0,0,NONE,0.000000,0,0.000000,0,0,0,0.000000,0,0,0.000000,0,0,0.000000,0,0,0.900000,MILD,0.000000,0.000000,0.000000,0.000000,0.000000,0.000000,0.000000,0.000000,0.000000,0.000000
1600,16.000000000,15.990000000,1599,1,REST_MEASUREMENT,CLEAN_LOCAL,1.000000,1.000000,0,0,1.0161041,0.00337715494,0.0202085972,1.09650588,1.26349831,2.60098815,3.90710759,0.260535181,0.586807728,0,0,0,1,0,100,22,0,0.000000,0.000000,0.000000,none,0,0,0,NONE,0,----,0,0.000000,0.000000,0,0,NONE,0.000000,0,0.000000,0,0,0,0.000000,0,0,0.000000,0,0,0.000000,0,0,1.000000,CLEAN,0.000000,0.000000,0.000000,0.000000,0.000000,0.000000,0.000000,0.000000,0.000000,0.000000
1700,17.000000000,16.990000000,1699,1,REST_MEASUREMENT,CLEAN_LOCAL,1.000000,1.000000,0,0,1.01637745,0.00391141558,0.0197571516,1.40827322,1.56723928,2.79285407,3.72657561,0.289506108,0.592625141,0,0,0,1,0,125,27,0,0.000000,0.000000,0.000000,none,0,0,0,NONE,0,----,0,0.000000,0.000000,0,0,NONE,0.000000,0,0.000000,0,0,0,0.000000,0,0,0.000000,0,0,0.000000,0,0,1.000000,CLEAN,0.000000,0.000000,0.000000,0.000000,0.000000,0.000000,0.000000,0.000000,0.000000,0.000000
1800,18.000000000,17.990000000,1799,1,REST_MEASUREMENT,CLEAN_LOCAL,1.000000,1.000000,0,0,1.01613748,0.00394444866,0.0186187029,1.95342684,2.09459424,3.25322342,3.85326982,0.27341184,0.553929806,0,0,0,1,0,150,33,0,0.000000,0.000000,0.000000,none,0,0,0,NONE,0,----,0,0.000000,0.000000,0,0,NONE,0.000000,0,0.000000,0,0,0,0.000000,0,0,0.000000,0,0,0.000000,0,0,0.900000,MILD,0.000000,0.000000,0.000000,0.000000,0.000000,0.000000,0.000000,0.000000,0.000000,0.000000
1900,19.000000000,18.990000000,1899,1,REST_MEASUREMENT,CLEAN_LOCAL,1.000000,1.000000,0,0,1.01577663,0.00347752939,0.0181130171,1.7891463,1.9934479,3.31524539,4.83994436,0.263451695,0.500273705,0,0,0,1,0,175,38,0,0.000000,0.000000,0.000000,none,0,0,0,NONE,0,----,0,0.000000,0.000000,0,0,NONE,0.000000,0,0.000000,0,0,0,0.000000,0,0,0.000000,0,0,0.000000,0,0,0.900000,MILD,0.000000,0.000000,0.000000,0.000000,0.000000,0.000000,0.000000,0.000000,0.000000,0.000000
2000,20.000000000,19.990000000,1999,1,REST_MEASUREMENT,CLEAN_LOCAL,1.000000,1.000000,0,0,1.015957,0.00333429873,0.019356966,1.19491124,1.37306881,2.41959262,4.83994436,0.256853521,0.577366352,0,0,0,1,0,200,44,0,0.000000,0.000000,0.000000,none,0,0,0,NONE,0,----,0,0.000000,0.000000,0,0,NONE,0.000000,0,0.000000,0,0,0,0.000000,0,0,0.000000,0,0,0.000000,0,0,1.000000,CLEAN,0.000000,0.000000,0.000000,0.000000,0.000000,0.000000,0.000000,0.000000,0.000000,0.000000
2100,21.000000000,20.990000000,2099,1,REST_MEASUREMENT,CLEAN_LOCAL,1.000000,1.000000,0,0,1.01620722,0.00308002532,0.0185325146,1.12268925,1.22327781,2.09492612,3.43243217,0.239551425,0.454115868,0,0,0,1,0,225,50,0,0.000000,0.000000,0.000000,none,0,0,0,NONE,0,----,0,0.000000,0.000000,0,0,NONE,0.000000,0,0.000000,0,0,0,0.000000,0,0,0.000000,0,0,0.000000,0,0,1.000000,CLEAN,0.000000,0.000000,0.000000,0.000000,0.000000,0.000000,0.000000,0.000000,0.000000,0.000000
2200,22.000000000,21.990000000,2199,1,REST_MEASUREMENT,CLEAN_LOCAL,1.000000,1.000000,0,0,1.01606357,0.00342959329,0.0228435993,1.65980959,1.81172597,2.98267198,3.97643924,0.245160848,0.454115868,0,0,0,1,0,250,55,0,0.000000,0.000000,0.000000,none,0,0,0,NONE,0,----,0,0.000000,0.000000,0,0,NONE,0.000000,0,0.000000,0,0,0,0.000000,0,0,0.000000,0,0,0.000000,0,0,0.900000,MILD,0.000000,0.000000,0.000000,0.000000,0.000000,0.000000,0.000000,0.000000,0.000000,0.000000
2300,23.000000000,22.990000000,2299,1,REST_MEASUREMENT,CLEAN_LOCAL,1.000000,1.000000,0,0,1.01582861,0.00352055556,0.0209120512,1.6050725,1.82878733,3.25559974,4.42769861,0.247544512,0.527000427,0,0,0,1,0,275,61,0,0.000000,0.000000,0.000000,none,0,0,0,NONE,0,----,0,0.000000,0.000000,0,0,NONE,0.000000,0,0.000000,0,0,0,0.000000,0,0,0.000000,0,0,0.000000,0,0,0.900000,MILD,0.000000,0.000000,0.000000,0.000000,0.000000,0.000000,0.000000,0.000000,0.000000,0.000000
2400,24.000000000,23.990000000,2399,1,REST_MEASUREMENT,CLEAN_LOCAL,1.000000,1.000000,0,0,1.01608753,0.00311252568,0.0180059671,0.994030058,1.173612,2.04342008,4.42769861,0.224060446,0.481665134,0,0,0,1,0,300,66,0,0.000000,0.000000,0.000000,none,0,0,0,NONE,0,----,0,0.000000,0.000000,0,0,NONE,0.000000,0,0.000000,0,0,0,0.000000,0,0,0.000000,0,0,0.000000,0,0,1.000000,CLEAN,0.000000,0.000000,0.000000,0.000000,0.000000,0.000000,0.000000,0.000000,0.000000,0.000000
2500,25.000000000,24.990000000,2499,1,REST_MEASUREMENT,CLEAN_LOCAL,1.000000,1.000000,0,0,1.01609278,0.00290842843,0.0177154541,0.928216159,1.03637874,1.71450889,3.46982455,0.218955278,0.50239563,0,0,0,1,0,325,72,0,0.000000,0.000000,0.000000,none,0,0,0,NONE,0,----,0,0.000000,0.000000,0,0,NONE,0.000000,0,0.000000,0,0,0,0.000000,0,0,0.000000,0,0,0.000000,0,0,1.000000,CLEAN,0.000000,0.000000,0.000000,0.000000,0.000000,0.000000,0.000000,0.000000,0.000000,0.000000
2600,26.000000000,25.990000000,2599,1,REST_MEASUREMENT,CLEAN_LOCAL,1.000000,1.000000,0,0,1.0161109,0.00364823593,0.0220265388,1.36280382,1.55500424,2.92126846,3.48554349,0.255153328,0.549817085,0,0,0,1,0,350,77,0,0.000000,0.000000,0.000000,none,0,0,0,NONE,0,----,0,0.000000,0.000000,0,0,NONE,0.000000,0,0.000000,0,0,0,0.000000,0,0,0.000000,0,0,0.000000,0,0,1.000000,CLEAN,0.000000,0.000000,0.000000,0.000000,0.000000,0.000000,0.000000,0.000000,0.000000,0.000000
2700,27.000000000,26.990000000,2699,1,REST_MEASUREMENT,CLEAN_LOCAL,1.000000,1.000000,0,0,1.0159297,0.00429010112,0.0220265388,1.61206269,1.76887667,3.05018783,3.48554349,0.277362376,0.570893288,0,0,0,1,0,375,83,0,0.000000,0.000000,0.000000,none,0,0,0,NONE,0,----,0,0.000000,0.000000,0,0,NONE,0.000000,0,0.000000,0,0,0,0.000000,0,0,0.000000,0,0,0.000000,0,0,0.900000,MILD,0.000000,0.000000,0.000000,0.000000,0.000000,0.000000,0.000000,0.000000,0.000000,0.000000
2800,28.000000000,27.990000000,2799,1,REST_MEASUREMENT,CLEAN_LOCAL,1.000000,1.000000,0,0,1.01590919,0.00378391054,0.018920064,1.22463429,1.37537432,2.66035986,3.68154597,0.249218181,0.541174412,0,0,0,1,0,400,88,0,0.000000,0.000000,0.000000,none,0,0,0,NONE,0,----,0,0.000000,0.000000,0,0,NONE,0.000000,0,0.000000,0,0,0,0.000000,0,0,0.000000,0,0,0.000000,0,0,1.000000,CLEAN,0.000000,0.000000,0.000000,0.000000,0.000000,0.000000,0.000000,0.000000,0.000000,0.000000
2900,29.000000000,28.990000000,2899,1,REST_MEASUREMENT,CLEAN_LOCAL,1.000000,1.000000,0,0,1.01623452,0.0029470583,0.017616868,1.07594883,1.17356825,1.97381842,3.68154597,0.221805677,0.507640839,0,0,0,1,0,425,94,0,0.000000,0.000000,0.000000,none,0,0,0,NONE,0,----,0,0.000000,0.000000,0,0,NONE,0.000000,0,0.000000,0,0,0,0.000000,0,0,0.000000,0,0,0.000000,0,0,1.000000,CLEAN,0.000000,0.000000,0.000000,0.000000,0.000000,0.000000,0.000000,0.000000,0.000000,0.000000
3000,30.000000000,29.990000000,2999,1,REST_MEASUREMENT,CLEAN_LOCAL,1.000000,1.000000,0,0,1.01616573,0.00321672927,0.0176304579,1.57605219,1.70776713,2.65384769,3.37534595,0.237677351,0.580704212,0,0,0,1,1,450,100,0,0.000000,15.000000,24.000000,none,0,68,9.22811317,Y,0,----,0,0.000000,0.000000,66,7.93654346,X,78.000000,7.93654346,78.000000,7.93654346,0,0,78.000000,7.93654346,0,115.000000,1.69826734,0,86.000000,5.47999907,0,1.000000,CLEAN,15.000000,1.088674,0.622053,0.700000,1.000000,78.000000,1.296087,0.292611,0.700000,1.000000
3100,31.000000000,30.990000000,3099,1,REST_MEASUREMENT,CLEAN_LOCAL,1.000000,1.000000,0,0,1.01590657,0.00339618791,0.0183844566,1.5501523,1.70003903,2.70567489,3.5963459,0.237336636,0.545144081,0,0,0,1,1,450,100,1,14.500000,14.000000,23.000000,none,0,64,8.64839458,Y,0.24166666,VALID_LOW,0,78.000000,78.000000,60,6.24577618,X,78.000000,6.24577618,78.000000,6.24577618,0,0,78.000000,6.24577618,0,96.000000,0.864535391,0,86.000000,4.72628689,6,1.000000,CLEAN,14.000000,1.081161,0.845159,0.700000,1.000000,78.000000,1.260449,0.616858,0.700000,1.000000
3200,32.000000000,31.990000000,3199,1,REST_MEASUREMENT,CLEAN_LOCAL,1.000000,1.000000,0,0,1.01592064,0.00282909721,0.0183004141,1.05884576,1.14237022,1.74746072,3.5963459,0.222767353,0.462985039,0,0,0,1,1,450,100,1,14.675000,15.000000,23.000000,none,0,75,9.18278122,X,0.244583338,VALID,1,77.449997,77.449997,77,8.50375938,X,77.000000,8.50375938,77.000000,8.50375938,0,0,77.000000,8.50375938,0,85.000000,3.61927938,0,73.000000,0.774342895,5,1.000000,CLEAN,15.000000,1.105136,0.926679,1.000000,1.000000,77.000000,1.365682,0.448694,1.000000,1.000000
3300,33.000000000,32.990000000,3299,1,REST_MEASUREMENT,CLEAN_LOCAL,1.000000,1.000000,0,0,1.01623321,0.00264495495,0.0162937641,1.21815121,1.30826366,2.12336731,3.10220504,0.227779076,0.466036797,0,0,0,1,1,450,100,1,14.788750,15.000000,8.000000,none,0,68,7.5382967,Y,0.246479169,VALID,1,77.202499,77.202499,73,7.06749392,X,77.000000,7.06749392,77.000000,7.06749392,0,0,77.000000,7.06749392,0,70.000000,3.93824434,0,85.000000,3.31267095,0,1.000000,CLEAN,15.000000,1.081227,0.901662,1.000000,1.000000,77.000000,1.349862,0.740516,1.000000,1.000000
3400,34.000000000,33.990000000,3399,1,REST_MEASUREMENT,CLEAN_LOCAL,1.000000,1.000000,0,0,1.01579928,0.00314754667,0.0182598829,1.81311452,1.92738676,2.9458406,3.70976257,0.242609739,0.484538078,0,0,0,1,1,450,100,0,15.231000,17.000000,14.000000,none,0,51,13.501894,X,0.253850013,VALID_LOW,0,76.541122,76.541122,51,4.57157469,Z,76.000000,4.57157469,85.000000,3.20815468,1,5,76.000000,4.57157469,5,90.000000,4.46817112,6,78.000000,3.22575378,5,0.900000,MILD,17.000000,1.137813,0.640901,0.820000,1.000000,76.000000,1.250190,0.651592,1.000000,0.949600
3500,35.000000000,34.990000000,3499,1,REST_MEASUREMENT,CLEAN_LOCAL,1.000000,1.000000,0,0,1.01569164,0.00371667417,0.0188902617,1.72448516,1.89041364,2.9458406,4.12397051,0.247668803,0.500273705,0,0,0,1,1,450,100,1,15.500150,16.000000,24.000000,none,0,63,10.608366,Y,0.258335829,VALID_LOW,0,76.243507,76.243507,57,5.41377068,Z,76.000000,5.41377068,75.000000,4.50731802,1,5,76.000000,5.41377068,5,90.000000,4.62093115,0,80.000000,1.09762943,5,0.900000,MILD,16.000000,1.092396,0.659687,1.000000,1.000000,76.000000,1.293011,0.659269,1.000000,0.949600
3600,36.000000000,35.990000000,3599,1,REST_MEASUREMENT,CLEAN_LOCAL,1.000000,1.000000,0,0,1.01628053,0.00351104839,0.0188902617,1.07488596,1.22572887,2.23112988,4.12397051,0.246518582,0.500273705,0,0,0,1,1,450,100,1,15.675097,16.000000,10.000000,none,0,72,12.0277214,Y,0.261251628,VALID,1,75.559578,75.559578,69,6.00310278,X,75.000000,6.00310278,75.000000,6.00310278,0,0,75.000000,6.00310278,0,71.000000,3.6215055,0,90.000000,3.79724574,0,1.000000,CLEAN,16.000000,1.108632,0.610785,1.000000,1.000000,75.000000,1.517797,0.630502,1.000000,1.000000
3700,37.000000000,36.990000000,3699,1,REST_MEASUREMENT,CLEAN_LOCAL,1.000000,1.000000,0,0,1.01636112,0.00280130515,0.0182567835,1.111866,1.203807,2.13797426,3.32101417,0.230307907,0.470817089,0,0,0,1,1,450,100,1,15.438813,15.000000,17.000000,none,0,73,10.0623751,X,0.25731355,VALID_LOW,0,75.251808,75.251808,58,4.34139681,X,120.000000,4.78846359,74.000000,3.96728158,1,5,75.000000,4.34139681,5,70.000000,4.02697802,0,80.000000,2.20419168,0,1.000000,CLEAN,15.000000,1.090318,0.923431,1.000000,1.000000,75.000000,1.349152,0.969430,1.000000,0.720000
3800,38.000000000,37.990000000,3799,1,REST_MEASUREMENT,CLEAN_LOCAL,1.000000,1.000000,0,0,1.01598942,0.0043263915,0.0286477804,1.82154346,1.99693179,3.22087955,4.82969093,0.26757881,0.550508499,0,0,0,1,1,450,100,1,15.635228,16.000000,8.000000,none,0,65,9.22990608,X,0.260587126,VALID_LOW,0,75.113312,75.113312,58,4.88610554,X,75.000000,4.88610554,75.000000,4.88610554,0,0,75.000000,4.88610554,0,80.000000,3.1787746,5,70.000000,2.83545113,0,0.900000,MILD,16.000000,1.107363,0.693106,1.000000,1.000000,75.000000,1.391725,0.846236,1.000000,1.000000
3900,39.000000000,38.990000000,3899,1,REST_MEASUREMENT,CLEAN_LOCAL,1.000000,1.000000,0,0,1.01577413,0.00478682574,0.0286477804,1.75039518,2.00011134,3.55492377,4.82969093,0.287909299,0.621533394,0,0,0,1,1,450,100,1,15.062899,14.000000,22.000000,none,0,55,8.85066414,Y,0.251048297,VALID_LOW,0,75.050987,75.050987,58,4.31021166,Z,74.000000,4.89582253,83.000000,0.731927574,1,5,75.000000,4.31021166,5,83.000000,0.731927574,0,79.000000,2.14922881,0,0.900000,MILD,14.000000,1.076157,0.701042,0.820000,1.000000,75.000000,1.519336,0.955181,1.000000,0.949600
4000,40.000000000,39.990000000,3999,1,REST_MEASUREMENT,CLEAN_LOCAL,1.000000,1.000000,0,0,1.01587641,0.00323226093,0.0172740221,1.07802427,1.25382125,2.48501539,4.20537424,0.248395994,0.574314594,0,0,0,1,1,450,100,1,15.040884,15.000000,24.000000,none,0,76,8.61100578,Y,0.2506814,VALID_LOW,0,74.394669,74.394669,62,7.38330698,X,73.000000,7.38330698,78.000000,1.88126886,1,5,73.000000,7.38330698,5,75.000000,3.68154931,5,78.000000,1.88126886,0,1.000000,CLEAN,15.000000,1.098290,0.914303,1.000000,1.000000,73.000000,1.178862,0.240132,1.000000,0.888000
4100,41.000000000,40.990000000,4099,1,REST_MEASUREMENT,CLEAN_LOCAL,1.000000,1.000000,0,0,1.01603186,0.00242742174,0.0147264004,1.0516814,1.16385746,1.94568992,3.99032617,0.217360511,0.444245338,0,0,0,1,1,450,100,1,14.676575,14.000000,25.000000,none,0,70,12.50735,Y,0.244609579,VALID,1,73.627602,73.627602,75,9.91144657,X,73.000000,9.91144657,68.000000,1.05347955,1,5,73.000000,9.91144657,5,75.000000,3.51137424,5,68.000000,1.05347955,0,1.000000,CLEAN,14.000000,1.102756,0.909946,1.000000,1.000000,73.000000,1.308507,0.232079,1.000000,0.888000
4200,42.000000000,41.990000000,4199,1,REST_MEASUREMENT,CLEAN_LOCAL,1.000000,1.000000,0,0,1.01633906,0.00287734298,0.0174535513,1.43436551,1.55907643,2.59314609,3.37013626,0.209921196,0.451254845,0,0,0,1,1,450,100,1,14.439774,14.000000,32.000000,none,0,72,11.8967352,Y,0.240662888,VALID,1,73.282417,73.282417,78,10.8364429,X,73.000000,10.8364429,75.000000,3.98229265,1,5,73.000000,10.8364429,5,78.000000,2.08307505,0,66.000000,0.939219475,0,1.000000,CLEAN,14.000000,1.087988,0.768786,1.000000,1.000000,73.000000,1.343012,0.366927,1.000000,0.888000
4300,43.000000000,42.990000000,4299,1,REST_MEASUREMENT,CLEAN_LOCAL,1.000000,1.000000,0,0,1.01605928,0.00301065459,0.0174535513,1.63505316,1.73377526,2.55964041,3.37013626,0.217781425,0.45440197,0,0,0,1,1,450,100,1,14.285852,14.000000,8.000000,none,0,74,13.0270853,Y,0.238097534,VALID,1,73.127090,73.127090,78,9.17795277,X,73.000000,9.17795277,74.000000,7.90842533,1,5,73.000000,9.17795277,5,78.000000,1.95087206,0,68.000000,0.885576487,0,1.000000,CLEAN,14.000000,1.104406,0.854810,1.000000,1.000000,73.000000,1.298761,0.465392,1.000000,0.888000
4400,44.000000000,43.990000000,4399,1,REST_MEASUREMENT,CLEAN_LOCAL,1.000000,1.000000,0,0,1.01599073,0.0031540764,0.0172142982,1.26763988,1.42702794,2.55964041,3.64492917,0.232646853,0.543797016,0,0,0,1,1,450,100,1,14.185804,14.000000,8.000000,none,0,74,10.6010685,Y,0.236430079,VALID,1,73.057190,73.057190,82,12.9091511,X,73.000000,12.9091511,74.000000,8.99801445,1,5,73.000000,12.9091511,5,78.000000,0.95903492,0,68.000000,0.746952355,0,1.000000,CLEAN,14.000000,1.106526,0.787727,1.000000,1.000000,73.000000,1.354179,0.694257,1.000000,0.888000
4500,45.000000000,44.990000000,4499,1,REST_MEASUREMENT,CLEAN_LOCAL,1.000000,1.000000,0,0,1.01632345,0.00314833503,0.0189640522,1.07886839,1.2517873,2.55800986,4.00636339,0.244932905,0.572693348,0,0,0,1,1,450,100,1,14.120773,14.000000,26.000000,none,0,76,9.00578022,X,0.235346228,VALID,1,73.025734,73.025734,81,11.0613527,X,73.000000,11.0613527,74.000000,8.29134655,1,5,73.000000,11.0613527,5,78.000000,0.637536645,0,68.000000,0.735679686,0,1.000000,CLEAN,14.000000,1.087334,0.874249,1.000000,1.000000,73.000000,1.299528,0.987971,1.000000,0.720000
4600,46.000000000,45.990000000,4599,1,REST_MEASUREMENT,CLEAN_LOCAL,1.000000,1.000000,0,0,1.01626086,0.0026932531,0.0166640282,1.20838845,1.31321669,2.31044745,4.00636339,0.23752217,0.479412079,0,0,0,1,1,450,100,1,13.728502,13.000000,26.000000,none,0,70,9.26734161,X,0.228808373,VALID,1,73.011581,73.011581,85,13.2521,X,73.000000,13.2521,73.000000,13.2521,0,0,73.000000,13.2521,0,78.000000,0.536759138,0,68.000000,0.929027021,5,1.000000,CLEAN,13.000000,1.088954,0.865392,1.000000,1.000000,73.000000,1.387825,0.816663,1.000000,1.000000
4700,47.000000000,46.990000000,4699,1,REST_MEASUREMENT,CLEAN_LOCAL,1.000000,1.000000,0,0,1.01627839,0.00363771222,0.0195389986,1.78032959,1.91095316,3.00970721,3.8002913,0.275440902,0.653326511,0,0,0,1,1,450,100,1,13.473526,13.000000,28.000000,none,0,64,10.2771301,X,0.224558771,VALID,1,73.005211,73.005211,75,10.8021812,X,73.000000,10.8021812,73.000000,10.8021812,0,0,73.000000,10.8021812,0,78.000000,0.536845803,0,67.000000,1.41352808,5,0.900000,MILD,13.000000,1.096164,0.719011,1.000000,1.000000,73.000000,1.262330,0.778577,1.000000,1.000000
4800,48.000000000,47.990000000,4799,1,REST_MEASUREMENT,CLEAN_LOCAL,1.000000,1.000000,0,0,1.01604772,0.00409512548,0.0194450617,1.90184569,2.02642488,3.00970721,3.8002913,0.265418321,0.568699837,0,0,0,1,1,450,100,1,13.307792,13.000000,20.000000,none,0,66,11.4109707,X,0.221796528,VALID,1,73.552345,73.552345,71,9.45260143,X,74.000000,9.45260143,74.000000,9.45260143,0,0,74.000000,9.45260143,0,67.000000,2.22788668,5,71.000000,3.22274256,0,0.900000,MILD,13.000000,1.119099,0.869659,1.000000,1.000000,74.000000,1.299309,0.535437,1.000000,1.000000
4900,49.000000000,48.990000000,4899,1,REST_MEASUREMENT,CLEAN_LOCAL,1.000000,1.000000,0,0,1.01576626,0.00408892427,0.0202713013,1.35618412,1.50716007,2.55971527,3.9089787,0.257438302,0.566589832,0,0,0,1,1,450,100,1,12.850064,12.000000,26.000000,none,0,69,8.85383129,Y,0.214167744,VALID,1,73.798553,73.798553,73,8.19220734,X,74.000000,8.19220734,74.000000,8.19220734,0,0,74.000000,8.19220734,0,71.000000,2.55374813,0,64.000000,0.818529546,5,1.000000,CLEAN,12.000000,1.100084,0.909554,1.000000,1.000000,74.000000,1.210553,0.377017,1.000000,1.000000
5000,50.000000000,49.990000000,4999,1,REST_MEASUREMENT,CLEAN_LOCAL,1.000000,1.000000,0,0,1.01602817,0.00384258782,0.0202713013,1.16678691,1.30550098,2.2985034,3.9089787,0.261380643,0.588738918,0,0,0,1,1,450,100,1,12.902542,13.000000,23.000000,none,0,77,9.6867485,Y,0.215042368,VALID,1,73.359352,73.359352,68,7.63581896,X,73.000000,7.63581896,74.000000,7.44851828,0,0,73.000000,7.63581896,0,76.000000,4.95185089,6,71.000000,2.77389359,0,1.000000,CLEAN,13.000000,1.110438,0.957202,1.000000,1.000000,73.000000,1.180996,0.149484,1.000000,1.000000
5100,51.000000000,50.990000000,5099,1,REST_MEASUREMENT,CLEAN_LOCAL,1.000000,1.000000,0,0,1.01626813,0.00295211351,0.0184860229,1.18901265,1.27736211,2.17906642,3.46273446,0.227649689,0.45735836,0,0,0,1,1,450,100,1,12.586653,12.000000,32.000000,none,0,70,8.53568649,Y,0.209777549,VALID_LOW,0,74.204361,74.204361,63,6.06479788,Z,76.000000,6.06479788,73.000000,5.12228251,1,6,76.000000,6.06479788,6,74.000000,5.27879143,6,81.000000,3.47700739,0,1.000000,CLEAN,12.000000,1.092349,0.937791,1.000000,1.000000,76.000000,1.419214,0.867192,1.000000,0.928000
5200,52.000000000,51.990000000,5199,1,REST_MEASUREMENT,CLEAN_LOCAL,1.000000,1.000000,0,0,1.01615083,0.00304966909,0.0209009647,1.69485927,1.83054626,3.16096711,3.8980341,0.231970221,0.458037853,0,0,0,1,1,450,100,1,12.381325,12.000000,32.000000,none,0,66,9.60225964,X,0.206355408,VALID_LOW,0,75.191963,75.191963,53,4.94084072,Z,72.000000,5.34292459,77.000000,4.19587326,1,6,76.000000,4.94084072,6,72.000000,5.34292459,6,70.000000,3.33671665,0,0.900000,MILD,12.000000,1.097062,0.930933,1.000000,1.000000,76.000000,1.290226,0.621056,1.000000,0.967600
5300,53.000000000,52.990000000,5299,1,REST_MEASUREMENT,CLEAN_LOCAL,1.000000,1.000000,0,0,1.01566339,0.00353775849,0.0201507807,1.72328115,1.86465263,3.16096711,3.8980341,0.231761247,0.44002533,0,0,0,1,1,450,100,1,12.247861,12.000000,32.000000,none,0,68,10.0013533,Y,0.204131022,VALID,1,75.636383,75.636383,68,7.20713091,Z,76.000000,7.20713091,76.000000,7.20713091,0,0,76.000000,7.20713091,0,72.000000,5.05300999,6,81.000000,2.8637886,0,0.900000,MILD,12.000000,1.091961,0.965363,1.000000,1.000000,76.000000,1.423910,0.826980,1.000000,1.000000
5400,54.000000000,53.990000000,5399,1,REST_MEASUREMENT,CLEAN_LOCAL,1.000000,1.000000,0,0,1.01559818,0.00364882988,0.02008605,1.21928954,1.37712216,2.41832638,4.37310982,0.247690901,0.538384914,0,0,0,1,1,450,100,1,12.511109,13.000000,32.000000,none,0,68,7.79572916,X,0.20851849,VALID,1,76.386375,76.386375,73,7.58062363,Z,77.000000,7.58062363,72.000000,6.39666986,1,6,77.000000,7.58062363,6,72.000000,6.39666986,0,81.000000,3.69008231,0,1.000000,CLEAN,13.000000,1.096729,0.845824,1.000000,1.000000,77.000000,1.372270,0.643941,1.000000,0.967600
5500,55.000000000,54.990000000,5499,1,REST_MEASUREMENT,CLEAN_LOCAL,1.000000,1.000000,0,0,1.01580739,0.00321469852,0.0184867382,1.11910224,1.27156234,2.32930851,4.37310982,0.255076766,0.538384914,0,0,0,1,1,450,100,1,12.682221,13.000000,23.000000,none,0,75,10.0318451,Y,0.211370364,VALID,1,76.173866,76.173866,81,8.05565548,Z,76.000000,8.05565548,72.000000,7.24029684,1,6,76.000000,8.05565548,6,72.000000,7.24029684,0,64.000000,0.790182292,5,1.000000,CLEAN,13.000000,1.098049,0.984340,1.000000,1.000000,76.000000,1.512090,0.859172,1.000000,0.928000
5600,56.000000000,55.990000000,5599,1,REST_MEASUREMENT,CLEAN_LOCAL,1.000000,1.000000,0,0,1.01607728,0.00315560726,0.0175925493,1.45211887,1.63880837,2.99666739,3.61967731,0.237577751,0.4997015,0,0,0,1,1,450,100,1,12.793444,13.000000,26.000000,none,0,75,9.08952427,Y,0.213224068,VALID,1,76.628242,76.628242,79,9.90591908,Z,77.000000,9.90591908,80.000000,3.1829679,1,6,77.000000,9.90591908,6,80.000000,3.1829679,0,72.000000,5.03288364,0,1.000000,CLEAN,13.000000,1.086904,0.911987,1.000000,1.000000,77.000000,1.289221,0.629783,1.000000,0.928000
5700,57.000000000,56.990000000,5699,1,REST_MEASUREMENT,CLEAN_LOCAL,1.000000,1.000000,0,0,1.01569223,0.00371404341,0.0210350752,1.78677261,1.94464445,3.2030499,3.61967731,0.242681354,0.481438637,0,0,0,1,1,450,100,1,12.865738,13.000000,22.000000,none,0,68,11.2363806,Y,0.214428961,VALID,1,76.832710,76.832710,76,8.6699543,X,77.000000,8.6699543,72.000000,5.71383858,1,6,77.000000,8.6699543,6,72.000000,5.71383858,0,68.000000,2.10844517,0,0.900000,MILD,13.000000,1.107684,0.894426,1.000000,1.000000,77.000000,1.434095,0.938993,1.000000,0.967600
5800,58.000000000,57.990000000,5799,1,REST_MEASUREMENT,CLEAN_LOCAL,1.000000,1.000000,0,0,1.0155232,0.00356862741,0.0210350752,1.41006732,1.57880104,2.69644856,3.43684578,0.259534866,0.593483448,0,0,0,1,1,450,100,1,12.912729,13.000000,26.000000,none,0,73,8.46077156,Y,0.215212151,VALID,1,76.374718,76.374718,71,6.74566793,Z,77.000000,7.2179389,71.000000,6.3663559,1,6,76.000000,6.74566793,6,71.000000,6.3663559,0,68.000000,2.867028,0,1.000000,CLEAN,13.000000,1.081630,0.767650,1.000000,1.000000,76.000000,1.322036,0.977698,1.000000,0.928000
5900,59.000000000,58.990000000,5899,1,REST_MEASUREMENT,CLEAN_LOCAL,1.000000,1.000000,0,0,1.01591992,0.00300409156,0.0163040161,1.04799831,1.15053463,2.09377456,3.19153166,0.233744726,0.500881672,0,0,0,1,1,450,100,1,12.943274,13.000000,25.000000,none,0,74,8.51500797,Y,0.21572122,VALID,1,76.718620,76.718620,69,6.51641083,Z,77.000000,6.51641083,75.000000,4.20372391,1,6,77.000000,6.51641083,6,70.000000,4.74664402,0,68.000000,2.23507619,0,1.000000,CLEAN,13.000000,1.085352,0.892831,1.000000,1.000000,77.000000,1.240478,0.939466,1.000000,0.928000
6000,60.000000000,59.990000000,5999,1,REST_MEASUREMENT,CLEAN_LOCAL,1.000000,1.000000,0,0,1.01589215,0.00280462694,0.0139648914,1.2068423,1.29315841,2.09322619,2.88216543,0.21209982,0.458180904,0,0,0,1,1,450,100,1,12.963128,13.000000,25.000000,none,0,77,9.0543766,Y,0.21605213,VALID,1,76.873383,76.873383,71,6.68670368,Z,76.000000,6.68823433,75.000000,4.60104513,1,6,77.000000,6.68670368,6,84.000000,0.912082613,0,81.000000,3.08867407,0,1.000000,CLEAN,13.000000,1.084774,0.866859,1.000000,1.000000,77.000000,1.291668,0.786828,1.000000,0.928000
6100,61.000000000,60.990000000,6099,1,REST_MEASUREMENT,CLEAN_LOCAL,1.000000,1.000000,0,0,1.01549816,0.00332130911,0.0186017752,1.6929456,1.80561674,2.55093622,4.52605104,0.239392996,0.512909889,0,0,0,1,1,450,100,1,12.976033,13.000000,23.000000,none,0,67,8.37279034,X,0.216267213,VALID,1,76.393021,76.393021,71,10.6347857,Z,76.000000,10.6347857,75.000000,8.25874996,1,6,76.000000,10.6347857,6,79.000000,4.4933095,6,81.000000,2.9756794,0,0.900000,MILD,13.000000,1.092323,0.784557,1.000000,1.000000,76.000000,1.377175,0.444241,1.000000,0.967600
6200,62.000000000,61.990000000,6199,1,REST_MEASUREMENT,CLEAN_LOCAL,1.000000,1.000000,0,0,1.01550877,0.00362897385,0.0186647177,1.54320514,1.69886017,2.55093622,4.52605104,0.253219694,0.536119938,0,0,0,1,1,450,100,1,12.984422,13.000000,21.000000,none,0,78,11.8088198,Y,0.216407031,VALID,1,76.176857,76.176857,79,8.56810951,Z,76.000000,8.56810951,75.000000,6.9690938,1,6,76.000000,8.56810951,6,84.000000,2.31930685,0,81.000000,3.02137017,0,1.000000,CLEAN,13.000000,1.107545,0.922894,1.000000,1.000000,76.000000,1.327960,0.686448,1.000000,0.928000
6300,63.000000000,62.990000000,6299,1,REST_MEASUREMENT,CLEAN_LOCAL,1.000000,1.000000,0,0,1.01663685,0.00337632629,0.0180258751,1.02690673,1.16150033,2.08819079,3.7412672,0.232508853,0.497639179,0,0,0,1,1,450,100,1,13.339874,13.000000,32.000000,none,0,71,8.86611176,X,0.222331241,VALID,1,75.529587,75.529587,78,8.73132515,Z,75.000000,8.73132515,75.000000,8.73132515,0,0,75.000000,8.73132515,0,84.000000,2.31990719,0,88.000000,5.28688383,0,1.000000,CLEAN,14.000000,1.080915,0.962419,1.000000,1.000000,75.000000,1.363035,0.420403,1.000000,1.000000
6400,64.000000000,63.990000000,6399,1,REST_MEASUREMENT,CLEAN_LOCAL,1.000000,1.000000,0,0,1.01658273,0.00284904428,0.0206693411,0.975725472,1.1065625,1.89719689,3.7412672,0.211691976,0.454604626,0,0,0,1,1,450,100,1,13.570918,13.000000,32.000000,none,0,74,12.6728563,X,0.226181969,VALID,1,75.238312,75.238312,78,8.21486568,Z,75.000000,8.21486568,75.000000,8.21486568,0,0,75.000000,8.21486568,0,80.000000,1.63691425,6,88.000000,5.11830187,0,1.000000,CLEAN,14.000000,1.102761,0.965033,1.000000,1.000000,75.000000,1.313473,0.772337,1.000000,1.000000
6500,65.000000000,64.990000000,6499,1,REST_MEASUREMENT,CLEAN_LOCAL,1.000000,1.000000,0,0,1.01609182,0.0024716726,0.0162659883,1.22830701,1.32662606,2.18763995,3.06655955,0.196002081,0.451517105,0,0,0,1,1,450,100,1,13.371097,13.000000,15.000000,none,0,72,9.81999683,Y,0.222851604,VALID,1,75.107239,75.107239,75,7.35851526,Z,75.000000,7.35851526,75.000000,7.35851526,0,0,75.000000,7.35851526,0,71.000000,0.666478097,0,89.000000,5.31969261,0,1.000000,CLEAN,13.000000,1.081633,0.852838,1.000000,1.000000,75.000000,1.267512,0.902940,1.000000,1.000000
6600,66.000000000,65.990000000,6599,1,REST_MEASUREMENT,CLEAN_LOCAL,1.000000,1.000000,0,0,1.01560402,0.00331329182,0.0189591646,1.77902532,1.92086065,3.11835313,4.23943567,0.239996836,0.552773476,0,0,0,1,1,450,100,1,13.241213,13.000000,20.000000,none,0,68,11.9209213,X,0.220686883,VALID,1,75.048256,75.048256,66,7.38828564,Z,75.000000,7.38828564,75.000000,7.38828564,0,0,75.000000,7.38828564,0,82.000000,1.75591433,0,92.000000,0.659988463,7,0.900000,MILD,13.000000,1.114307,0.910103,1.000000,1.000000,75.000000,1.268998,0.544993,1.000000,1.000000
6700,67.000000000,66.990000000,6699,1,REST_MEASUREMENT,CLEAN_LOCAL,1.000000,1.000000,0,0,1.01588237,0.00380677567,0.0207954645,1.54782474,1.77422857,3.26277637,4.23943567,0.255382836,0.565743446,0,0,0,1,1,450,100,1,13.156788,13.000000,22.000000,none,0,66,12.3341894,Y,0.219279796,VALID,1,74.471718,74.471718,68,8.09252071,Z,74.000000,8.09252071,74.000000,8.09252071,0,0,74.000000,8.09252071,0,83.000000,3.38504052,0,70.000000,1.06101441,0,0.900000,MILD,13.000000,1.097123,0.634391,1.000000,1.000000,74.000000,1.449005,0.322670,1.000000,1.000000
6800,68.000000000,67.990000000,6799,1,REST_MEASUREMENT,CLEAN_LOCAL,1.000000,1.000000,0,0,1.01645434,0.0031097997,0.0183053017,0.979699552,1.09192598,2.03160214,3.42210007,0.2144458,0.423884392,0,0,0,1,1,450,100,1,13.451912,13.000000,23.000000,none,0,72,8.7236824,Z,0.224198535,VALID,1,74.212273,74.212273,81,9.33128166,Z,74.000000,9.33128166,74.000000,9.33128166,0,0,74.000000,9.33128166,0,79.000000,3.09974599,6,87.000000,4.33031988,0,1.000000,CLEAN,14.000000,1.085673,0.963044,1.000000,1.000000,74.000000,1.420699,0.341623,1.000000,1.000000
6900,69.000000000,68.990000000,6899,1,REST_MEASUREMENT,CLEAN_LOCAL,1.000000,1.000000,0,0,1.01606822,0.00253442768,0.013594389,1.16153896,1.26187289,2.2240324,2.9756434,0.201091498,0.407648087,0,0,0,1,1,450,100,1,13.293743,13.000000,23.000000,none,0,72,13.0387726,Y,0.221562386,VALID,1,74.095520,74.095520,70,6.69441414,Z,74.000000,6.69441414,74.000000,6.69441414,0,0,74.000000,6.69441414,0,67.000000,5.11149502,5,79.000000,3.03594685,6,1.000000,CLEAN,13.000000,1.098691,0.680207,1.000000,1.000000,74.000000,1.322090,0.541412,1.000000,1.000000
7000,70.000000000,69.990000000,6999,1,REST_MEASUREMENT,CLEAN_LOCAL,1.000000,1.000000,0,0,1.01562285,0.00326196291,0.0213711262,1.8412106,1.97687793,3.07265806,4.0920167,0.239100322,0.51484108,0,0,0,1,1,450,100,1,13.190933,13.000000,21.000000,none,0,66,11.1339293,Y,0.219848886,VALID_LOW,0,74.042984,74.042984,64,6.58842611,Z,74.000000,6.58842611,74.000000,6.58842611,0,0,74.000000,6.58842611,0,87.000000,4.63159513,0,79.000000,2.26970243,6,0.900000,MILD,13.000000,1.087257,0.762877,1.000000,1.000000,74.000000,1.303443,0.800875,1.000000,1.000000
7100,71.000000000,70.990000000,7099,1,REST_MEASUREMENT,CLEAN_LOCAL,1.000000,1.000000,0,0,1.01579428,0.00367808226,0.0220681429,1.72863948,1.90437281,3.07265806,4.0920167,0.263234019,0.560295582,0,0,0,1,1,450,100,1,13.124106,13.000000,21.000000,none,0,67,15.8249083,Y,0.218735114,VALID,1,74.019341,74.019341,69,7.67296362,Z,74.000000,7.67296362,74.000000,7.67296362,0,0,74.000000,7.67296362,0,79.000000,1.86528289,6,71.000000,0.679832995,0,0.900000,MILD,13.000000,1.121361,0.682988,1.000000,1.000000,74.000000,1.435917,0.496236,1.000000,1.000000
7200,72.000000000,71.990000000,7199,1,REST_MEASUREMENT,CLEAN_LOCAL,1.000000,1.000000,0,0,1.01621091,0.00313063804,0.0176209211,1.13203394,1.24368227,2.12950611,3.33430123,0.233800232,0.544190407,0,0,0,1,1,450,100,1,13.430669,14.000000,12.000000,none,0,72,8.6453476,X,0.223844483,VALID,1,74.008705,74.008705,76,7.43028164,Z,74.000000,7.43028164,74.000000,7.43028164,0,0,74.000000,7.43028164,0,80.000000,1.4274435,6,86.000000,5.95148659,0,1.000000,CLEAN,14.000000,1.079310,0.996474,1.000000,1.000000,74.000000,1.405495,0.588075,1.000000,1.000000
7300,73.000000000,72.990000000,7299,1,REST_MEASUREMENT,CLEAN_LOCAL,1.000000,1.000000,0,0,1.01584935,0.00255073351,0.0124821663,1.11068833,1.19994116,2.02994347,3.33430123,0.209866643,0.445950031,0,0,0,1,1,450,100,1,13.279935,13.000000,22.000000,none,0,73,12.2729416,Y,0.221332252,VALID,1,74.003914,74.003914,65,5.4282074,Z,60.000000,9.69015408,74.000000,5.4282074,0,0,74.000000,5.4282074,0,60.000000,9.69015408,0,70.000000,0.293313652,0,1.000000,CLEAN,13.000000,1.099374,0.779637,1.000000,1.000000,74.000000,1.266290,0.770588,1.000000,1.000000
7400,74.000000000,73.990000000,7399,1,REST_MEASUREMENT,CLEAN_LOCAL,1.000000,1.000000,0,0,1.01579821,0.00271300529,0.0143656731,1.48883152,1.5971446,2.66709971,3.15360737,0.229716659,0.483393669,0,0,0,1,1,450,100,1,13.531958,14.000000,12.000000,none,0,72,8.66773987,Y,0.225532621,VALID,1,74.001762,74.001762,65,5.78640461,Z,87.000000,6.33880281,74.000000,5.78640461,0,0,74.000000,5.78640461,0,78.000000,1.71429443,0,82.000000,1.43174791,6,1.000000,CLEAN,14.000000,1.070283,0.879393,1.000000,1.000000,74.000000,1.265764,0.564966,1.000000,1.000000
7500,75.000000000,74.990000000,7499,1,REST_MEASUREMENT,CLEAN_LOCAL,1.000000,1.000000,0,0,1.01563513,0.00398136396,0.0206441879,1.97092807,2.08707142,3.15360737,4.59998751,0.263757259,0.585484505,0,0,0,1,1,450,100,1,13.345773,13.000000,20.000000,none,0,67,11.5222616,X,0.222429544,VALID_LOW,0,74.000793,74.000793,61,6.24045515,Z,74.000000,6.24045515,74.000000,6.24045515,0,0,74.000000,6.24045515,0,69.000000,1.5374068,5,65.000000,5.47285032,5,0.900000,MILD,13.000000,1.096062,0.964426,1.000000,1.000000,74.000000,1.373556,0.423362,1.000000,1.000000
7600,76.000000000,75.990000000,7599,1,REST_MEASUREMENT,CLEAN_LOCAL,1.000000,1.000000,0,0,1.01541102,0.00391422724,0.0206441879,1.60099673,1.81631744,3.26443028,4.59998751,0.240077302,0.445055962,0,0,0,1,1,450,100,1,13.224752,13.000000,20.000000,none,0,67,11.2774963,Y,0.220412537,VALID_LOW,0,74.000359,74.000359,62,6.34831047,Z,74.000000,6.34831047,74.000000,6.34831047,0,0,74.000000,6.34831047,0,70.000000,2.1119132,0,66.000000,4.91630936,5,0.900000,MILD,13.000000,1.098619,0.934178,1.000000,1.000000,74.000000,1.390408,0.473687,1.000000,1.000000
7700,77.000000000,76.990000000,7699,1,REST_MEASUREMENT,CLEAN_LOCAL,1.000000,1.000000,0,0,1.01622677,0.00307420804,0.0164619684,1.12344849,1.25285602,2.17144608,3.4691186,0.210353017,0.444984436,0,0,0,1,1,450,100,1,13.146090,13.000000,21.000000,none,0,76,11.5476866,X,0.219101489,VALID_LOW,0,74.550163,74.550163,62,4.93069696,Y,61.000000,5.83604431,75.000000,4.93069696,0,0,75.000000,4.93069696,0,70.000000,0.845472217,0,82.000000,4.17697525,0,1.000000,CLEAN,13.000000,1.095035,0.905489,1.000000,1.000000,75.000000,1.403849,0.695045,1.000000,1.000000
7800,78.000000000,77.990000000,7799,1,REST_MEASUREMENT,CLEAN_LOCAL,1.000000,1.000000,0,0,1.01655865,0.00268996647,0.0163693428,1.17989695,1.27197945,2.03905034,3.4691186,0.206384093,0.473809242,0,0,0,1,1,450,100,1,13.094958,13.000000,22.000000,none,0,77,10.8928337,Y,0.218249306,VALID,1,74.797577,74.797577,67,5.56945229,Y,75.000000,5.56945229,75.000000,5.56945229,0,0,75.000000,5.56945229,0,70.000000,1.24469817,0,72.000000,0.949287355,0,1.000000,CLEAN,13.000000,1.098189,0.999891,1.000000,1.000000,75.000000,1.349515,0.915410,1.000000,1.000000
7900,79.000000000,78.990000000,7899,1,REST_MEASUREMENT,CLEAN_LOCAL,1.000000,1.000000,0,0,1.01577747,0.00312880939,0.0208133459,1.70930815,1.83572125,2.92219853,3.96242666,0.246078655,0.533413887,0,0,0,1,1,450,100,1,13.061723,13.000000,27.000000,none,0,66,11.2519484,X,0.217695385,VALID_LOW,0,74.358910,74.358910,54,5.26359892,Z,119.000000,5.77961493,74.000000,5.26359892,0,0,74.000000,5.26359892,0,76.000000,4.54429531,6,82.000000,4.62608814,0,0.900000,MILD,13.000000,1.089129,0.667174,1.000000,1.000000,74.000000,1.298578,0.294348,1.000000,1.000000
8000,80.000000000,79.990000000,7999,1,REST_MEASUREMENT,CLEAN_LOCAL,1.000000,1.000000,0,0,1.0154295,0.00364201888,0.0208133459,1.62037861,1.77838957,2.9146564,3.96242666,0.26555717,0.566852093,0,0,0,1,1,450,100,1,13.040120,13.000000,28.000000,none,0,76,11.8339214,X,0.217335328,VALID_LOW,0,74.161507,74.161507,58,4.47184277,Z,119.000000,5.51515102,74.000000,4.47184277,0,0,74.000000,4.47184277,0,72.000000,1.50114071,0,81.000000,3.80470371,0,1.000000,CLEAN,13.000000,1.099687,0.787553,1.000000,1.000000,74.000000,1.241674,0.680107,1.000000,1.000000
8100,81.000000000,80.990000000,8099,1,REST_MEASUREMENT,CLEAN_LOCAL,1.000000,1.000000,0,0,1.01623607,0.00338507118,0.0188075304,1.03719628,1.15449464,1.92113805,3.54958916,0.222916082,0.471067429,0,0,0,1,1,450,100,1,13.026078,13.000000,28.000000,none,0,76,8.71292973,X,0.217101306,VALID_LOW,0,73.522675,73.522675,55,3.73082638,Z,120.000000,5.35118294,74.000000,4.03076792,0,0,73.000000,3.73082638,0,75.000000,4.08872175,0,82.000000,4.77009249,0,1.000000,CLEAN,13.000000,1.075242,0.826089,1.000000,1.000000,73.000000,1.360799,0.616156,1.000000,1.000000
8200,82.000000000,81.990000000,8199,1,REST_MEASUREMENT,CLEAN_LOCAL,1.000000,1.000000,0,0,1.01647687,0.00273684366,0.0186607838,1.01534486,1.11255717,1.85850489,3.54958916,0.207543239,0.429260731,0,0,0,1,1,450,100,1,13.016951,13.000000,22.000000,none,0,77,12.0605993,X,0.21694918,VALID_LOW,0,73.785202,73.785202,62,4.76686478,Z,82.000000,4.93285608,74.000000,4.76686478,0,0,74.000000,4.76686478,0,69.000000,1.13310683,0,78.000000,2.15169835,6,1.000000,CLEAN,13.000000,1.095022,0.931290,1.000000,1.000000,74.000000,1.361571,0.776836,1.000000,1.000000
8300,83.000000000,82.990000000,8299,1,REST_MEASUREMENT,CLEAN_LOCAL,1.000000,1.000000,0,0,1.01608336,0.00268148491,0.0158867836,1.61097562,1.81725907,3.22029734,3.89222598,0.201315135,0.429260731,0,0,0,1,1,450,100,1,13.011018,13.000000,23.000000,none,0,68,9.61332417,X,0.216850296,VALID_LOW,0,73.903343,73.903343,57,4.40194654,Z,75.000000,4.51316833,74.000000,4.40194654,0,0,74.000000,4.40194654,0,72.000000,2.40762615,0,78.000000,2.31670022,6,0.900000,MILD,13.000000,1.084261,0.837579,1.000000,1.000000,74.000000,1.416330,0.846190,1.000000,1.000000
8400,84.000000000,83.990000000,8399,1,REST_MEASUREMENT,CLEAN_LOCAL,1.000000,1.000000,0,0,1.01581562,0.00325065805,0.016608119,1.83058012,1.98089504,3.22029734,3.89222598,0.228097662,0.501644611,0,0,0,1,1,450,100,1,13.007161,14.000000,8.000000,none,0,70,12.5274525,X,0.216786012,VALID_LOW,0,73.956505,73.956505,55,4.2043972,Z,120.000000,5.89462042,74.000000,4.2043972,0,0,74.000000,4.2043972,0,72.000000,2.40354514,0,81.000000,4.51147699,0,0.900000,MILD,13.000000,1.116011,0.960283,1.000000,1.000000,74.000000,1.411461,0.754049,1.000000,1.000000
8500,85.000000000,84.990000000,8499,1,REST_MEASUREMENT,CLEAN_LOCAL,1.000000,1.000000,0,0,1.01583624,0.00360547216,0.0217937231,1.29769838,1.43526125,2.2959373,4.42606449,0.241134271,0.518751144,0,0,0,1,1,450,100,1,13.354654,14.000000,8.000000,none,0,71,13.0656157,Y,0.222577572,VALID_LOW,0,73.430428,73.430428,61,4.4951601,Z,80.000000,5.45452785,73.000000,4.4951601,0,0,73.000000,4.4951601,0,80.000000,5.45452785,6,78.000000,1.63796937,6,1.000000,CLEAN,14.000000,1.114531,0.848644,1.000000,1.000000,73.000000,1.410238,0.780241,1.000000,1.000000
8600,86.000000000,85.990000000,8599,1,REST_MEASUREMENT,CLEAN_LOCAL,1.000000,1.000000,0,0,1.01614475,0.00321789715,0.0217937231,1.121032,1.26017368,1.98210192,4.42606449,0.221223131,0.488877296,0,0,0,1,1,450,100,1,13.580525,14.000000,23.000000,none,0,73,12.1934528,X,0.226342097,VALID,1,73.743690,73.743690,65,5.43774796,Y,74.000000,5.43774796,74.000000,5.43774796,0,0,74.000000,5.43774796,0,81.000000,5.14213181,6,78.000000,1.9765538,0,1.000000,CLEAN,14.000000,1.096555,0.851193,1.000000,1.000000,74.000000,1.348078,0.708342,1.000000,1.000000
8700,87.000000000,86.990000000,8699,1,REST_MEASUREMENT,CLEAN_LOCAL,1.000000,1.000000,0,0,1.01614475,0.00406529196,0.0272217989,1.42586362,1.56161976,2.71134233,3.25431776,0.259712577,0.57682991,0,0,0,1,1,450,100,1,13.727342,14.000000,23.000000,none,0,75,10.8174667,X,0.228789032,VALID,1,73.884659,73.884659,73,6.12522125,Y,72.000000,6.85445118,74.000000,6.12522125,0,0,74.000000,6.12522125,0,72.000000,6.85445118,0,78.000000,2.99888587,0,1.000000,CLEAN,14.000000,1.089826,0.976895,1.000000,1.000000,74.000000,1.634210,0.609340,1.000000,1.000000
8800,88.000000000,87.990000000,8799,1,REST_MEASUREMENT,CLEAN_LOCAL,1.000000,1.000000,0,0,1.01577866,0.00476911012,0.0272217989,1.88540268,2.04221392,3.31629634,4.79367447,0.296350569,0.57682991,0,0,0,1,1,450,100,1,13.822772,14.000000,22.000000,none,0,67,10.9268351,X,0.230379537,VALID,1,73.948097,73.948097,69,7.48041725,Y,74.000000,7.48041725,74.000000,7.48041725,0,0,74.000000,7.48041725,0,78.000000,3.97328043,0,67.000000,1.21340621,5,0.900000,MILD,14.000000,1.091234,0.875767,1.000000,1.000000,74.000000,1.488579,0.549419,1.000000,1.000000
8900,89.000000000,88.990000000,8899,1,REST_MEASUREMENT,CLEAN_LOCAL,1.000000,1.000000,0,0,1.01582134,0.00384962023,0.0189285278,1.52701449,1.76039743,3.31629634,4.79367447,0.265092403,0.531089306,0,0,0,1,1,450,100,1,13.884802,14.000000,22.000000,none,0,69,11.453661,X,0.231413364,VALID_LOW,0,73.976646,73.976646,58,5.3367362,Y,74.000000,5.3367362,74.000000,5.3367362,0,0,74.000000,5.3367362,0,80.000000,5.15764236,0,72.000000,3.86953425,0,0.900000,MILD,14.000000,1.088903,0.986004,1.000000,1.000000,74.000000,1.393736,0.457609,1.000000,1.000000
9000,90.000000000,89.990000000,8999,1,REST_MEASUREMENT,CLEAN_LOCAL,1.000000,1.000000,0,0,1.01629078,0.00341570145,0.0195931196,1.10190725,1.2689935,2.28462148,4.24867249,0.247758791,0.559663773,0,0,0,1,1,450,100,1,13.925121,14.000000,23.000000,none,0,76,9.69587708,X,0.232085362,VALID_LOW,0,75.904121,75.904121,49,6.26132536,X,80.000000,6.26132536,80.000000,6.26132536,0,0,80.000000,6.26132536,0,72.000000,4.69432402,5,68.000000,2.14347172,5,1.000000,CLEAN,14.000000,1.075437,0.957068,1.000000,1.000000,80.000000,1.377008,0.434406,0.850000,1.000000
9100,91.000000000,90.990000000,9099,1,REST_MEASUREMENT,CLEAN_LOCAL,1.000000,1.000000,0,0,1.01664877,0.00313634728,0.0195931196,1.17327929,1.32207513,2.55848861,4.24867249,0.225653499,0.493323803,0,0,0,1,1,450,100,1,13.951329,14.000000,8.000000,none,0,77,12.6150026,Y,0.23252216,VALID_LOW,0,77.214806,77.214806,49,5.26565933,X,80.000000,5.26565933,80.000000,5.26565933,0,0,80.000000,5.26565933,0,74.000000,4.27273178,0,72.000000,4.3370924,5,1.000000,CLEAN,14.000000,1.092307,0.932624,1.000000,1.000000,80.000000,1.290169,0.432952,0.850000,1.000000
9200,92.000000000,91.990000000,9199,1,REST_MEASUREMENT,CLEAN_LOCAL,1.000000,1.000000,0,0,1.01671362,0.002581988,0.0138815641,1.52924514,1.65968525,2.84564757,3.37158966,0.200734064,0.434803963,0,0,0,1,1,450,100,1,13.968364,14.000000,8.000000,none,0,76,10.8257542,Y,0.232806057,VALID_LOW,0,78.106071,78.106071,59,5.75761127,X,72.000000,6.7115469,80.000000,5.75761127,0,0,80.000000,5.75761127,0,72.000000,6.7115469,5,84.000000,3.32408214,6,1.000000,CLEAN,14.000000,1.082468,0.820165,1.000000,1.000000,80.000000,1.375589,0.535889,1.000000,1.000000
9300,93.000000000,92.990000000,9299,1,REST_MEASUREMENT,CLEAN_LOCAL,1.000000,1.000000,0,0,1.01624596,0.00358305546,0.0213340521,1.75198674,1.85722864,2.9667275,3.37158966,0.261917204,0.548231602,0,0,0,1,1,450,100,1,13.979437,13.000000,8.000000,none,0,69,12.4852791,Y,0.232990608,----,0,76.106071,76.106071,41,7.1968379,X,71.000000,7.1968379,79.000000,3.8362453,1,5,71.000000,7.1968379,5,79.000000,3.8362453,0,90.000000,4.88339376,0,0.900000,MILD,14.000000,1.111030,0.898151,1.000000,1.000000,71.000000,1.214558,0.123448,0.850000,0.949600
9400,94.000000000,93.990000000,9399,1,REST_MEASUREMENT,CLEAN_LOCAL,1.000000,1.000000,0,0,1.01619196,0.0039678053,0.0213340521,1.34697115,1.49279201,2.64216661,4.05088139,0.278343052,0.560903549,0,0,0,1,1,450,100,1,13.636634,13.000000,23.000000,none,0,70,8.80810547,X,0.227277234,VALID_LOW,0,74.152130,74.152130,55,14.7981472,X,70.000000,14.7981472,71.000000,14.1876173,1,5,70.000000,14.7981472,5,78.000000,4.21282291,0,91.000000,6.32185555,0,1.000000,CLEAN,13.000000,1.086816,0.796802,1.000000,1.000000,70.000000,1.330492,0.074084,0.850000,0.720000
9500,95.000000000,94.990000000,9499,1,REST_MEASUREMENT,CLEAN_LOCAL,1.000000,1.000000,0,0,1.01607096,0.00317286188,0.0184103251,1.06506407,1.18600678,1.89683366,4.05088139,0.232196748,0.456547737,0,0,0,1,1,450,100,1,13.413812,13.000000,22.000000,none,0,74,12.1513128,Y,0.223563522,VALID_LOW,0,72.823448,72.823448,62,15.0944309,X,70.000000,15.0944309,70.000000,15.0944309,0,0,70.000000,15.0944309,0,91.000000,8.68205547,0,73.000000,2.63704753,0,1.000000,CLEAN,13.000000,1.106358,0.942337,1.000000,1.000000,70.000000,1.288219,0.065187,0.850000,1.000000
9600,96.000000000,95.990000000,9599,1,REST_MEASUREMENT,CLEAN_LOCAL,1.000000,1.000000,0,0,1.01581812,0.00321744871,0.0213996172,1.16857064,1.2757858,2.249686,3.38932371,0.232349247,0.518703461,0,0,0,1,1,450,100,1,13.268977,13.000000,26.000000,none,0,74,10.5739994,Y,0.221149623,VALID,1,71.919945,71.919945,70,15.9857817,X,70.000000,15.9857817,70.000000,15.9857817,0,0,70.000000,15.9857817,0,78.000000,4.93544006,6,73.000000,2.45970774,0,1.000000,CLEAN,13.000000,1.094328,0.866440,1.000000,1.000000,70.000000,1.342590,0.019182,1.000000,1.000000
9700,97.000000000,96.990000000,9699,1,REST_MEASUREMENT,CLEAN_LOCAL,1.000000,1.000000,0,0,1.01579523,0.00390310097,0.0213996172,1.77344882,1.91621733,3.20825648,3.83236003,0.251365572,0.588572025,0,0,0,1,1,450,100,1,13.174835,13.000000,21.000000,none,0,68,10.7347755,X,0.219580591,VALID,1,70.863976,70.863976,67,14.6619873,X,70.000000,14.6619873,70.000000,14.6619873,0,0,70.000000,14.6619873,0,79.000000,4.14503479,6,66.000000,0.554299653,5,0.900000,MILD,13.000000,1.098457,0.945939,1.000000,1.000000,70.000000,1.294021,0.161363,1.000000,1.000000
9800,98.000000000,97.990000000,9799,1,REST_MEASUREMENT,CLEAN_LOCAL,1.000000,1.000000,0,0,1.01554823,0.00377821294,0.0188345909,1.7715857,1.91509151,3.18222237,3.83236003,0.23019281,0.463712215,0,0,0,1,1,450,100,1,13.113643,12.000000,27.000000,none,0,69,10.7079897,X,0.218560711,VALID,1,70.388786,70.388786,68,15.4119587,X,70.000000,15.4119587,70.000000,15.4119587,0,0,70.000000,15.4119587,0,75.000000,1.54946494,0,79.000000,5.36390638,6,0.900000,MILD,13.000000,1.104051,0.958979,1.000000,1.000000,70.000000,1.308585,0.110877,1.000000,1.000000
9900,99.000000000,98.990000000,9899,1,REST_MEASUREMENT,CLEAN_LOCAL,1.000000,1.000000,0,0,1.01607835,0.00363768707,0.0185873508,1.30271089,1.44009852,2.3634882,4.45996857,0.234063238,0.459384918,0,0,0,1,1,450,100,1,12.723867,12.000000,22.000000,none,0,69,9.93254662,Y,0.21206446,VALID,1,70.174957,70.174957,78,10.6487637,X,70.000000,10.6487637,70.000000,10.6487637,0,0,70.000000,10.6487637,0,79.000000,5.74685764,0,75.000000,2.00525522,6,1.000000,CLEAN,12.000000,1.085896,0.755954,1.000000,1.000000,70.000000,1.306147,0.181089,1.000000,1.000000
10000,100.000000000,99.990000000,9999,1,REST_MEASUREMENT,CLEAN_LOCAL,1.000000,1.000000,0,0,1.01632023,0.00348945009,0.0182265043,1.24388456,1.38274777,2.39796305,4.45996857,0.241906837,0.498914719,0,0,0,1,1,450,100,1,12.820514,13.000000,22.000000,none,0,75,10.9554081,Y,0.213675231,VALID,1,70.078728,70.078728,77,9.52569294,X,70.000000,9.52569294,71.000000,8.82847118,0,0,70.000000,9.52569294,0,79.000000,7.44528341,6,75.000000,2.3141017,6,1.000000,CLEAN,13.000000,1.098515,0.901244,1.000000,1.000000,70.000000,1.255785,0.135126,1.000000,1.000000
10100,101.000000000,100.990000000,10099,1,REST_MEASUREMENT,CLEAN_LOCAL,1.000000,1.000000,0,0,1.01665771,0.00342474715,0.017595768,1.37305248,1.52675688,2.93489146,3.56932425,0.21748364,0.44785738,0,0,0,1,1,450,100,1,12.883334,13.000000,24.000000,none,0,76,9.14728737,Y,0.214722231,VALID,1,69.485428,69.485428,75,8.20915699,X,69.000000,8.20915699,69.000000,8.20915699,0,0,69.000000,8.20915699,0,80.000000,5.82339191,0,65.000000,0.985421538,5,1.000000,CLEAN,13.000000,1.082789,0.876253,1.000000,1.000000,69.000000,1.439864,0.192430,1.000000,1.000000
10200,102.000000000,101.990000000,10199,1,REST_MEASUREMENT,CLEAN_LOCAL,1.000000,1.000000,0,0,1.01618028,0.00407272903,0.022403121,1.94777179,2.11759925,3.25214076,5.21968126,0.262871623,0.590622425,0,0,0,1,1,450,100,1,12.924168,13.000000,22.000000,none,0,69,10.5757914,X,0.215402797,VALID_LOW,0,69.218445,69.218445,61,6.52275753,X,79.000000,6.62495184,69.000000,6.52275753,0,0,69.000000,6.52275753,0,79.000000,6.62495184,6,65.000000,0.807452798,5,0.900000,MILD,13.000000,1.112609,0.996429,1.000000,1.000000,69.000000,1.484142,0.118345,1.000000,1.000000
10300,103.000000000,102.990000000,10299,1,REST_MEASUREMENT,CLEAN_LOCAL,1.000000,1.000000,0,0,1.01587141,0.00394064141,0.020933032,1.6726532,1.91336811,3.09895802,5.21968126,0.277712435,0.593996048,0,0,0,1,1,450,100,1,12.600709,12.000000,27.000000,none,0,63,12.8695354,Y,0.21001181,----,0,69.218445,69.218445,22,6.58458138,Y,80.000000,6.58458138,80.000000,6.58458138,0,0,80.000000,6.58458138,0,69.000000,4.40148354,0,65.000000,0.877046585,5,0.900000,MILD,12.000000,1.097158,0.730328,1.000000,1.000000,80.000000,1.416835,0.889120,0.500000,1.000000
10400,104.000000000,103.990000000,10399,1,REST_MEASUREMENT,CLEAN_LOCAL,1.000000,1.000000,0,0,1.0165056,0.00324342842,0.016160965,1.03726196,1.18172574,2.36219215,3.77669692,0.231045589,0.50034523,0,0,0,1,1,450,100,1,12.740460,13.000000,25.000000,none,0,74,11.2804327,Y,0.212341011,VALID_LOW,0,69.098297,69.098297,61,5.16267061,X,79.000000,6.87751055,69.000000,5.16267061,0,0,69.000000,5.16267061,0,80.000000,6.78118992,0,65.000000,0.583375692,5,1.000000,CLEAN,13.000000,1.099146,0.805519,1.000000,1.000000,69.000000,1.406509,0.132030,1.000000,1.000000
10500,105.000000000,104.990000000,10499,1,REST_MEASUREMENT,CLEAN_LOCAL,1.000000,1.000000,0,0,1.01644993,0.00310473144,0.0173546076,1.14863551,1.27357042,2.30646753,3.77669692,0.24376072,0.575256348,0,0,0,1,1,450,100,1,12.831299,13.000000,22.000000,none,0,74,12.3118219,Y,0.213854983,----,0,69.098297,69.098297,27,6.81574774,Y,79.000000,6.81574774,74.000000,3.98654079,1,6,79.000000,6.81574774,6,65.000000,0.756414115,5,74.000000,3.98654079,0,1.000000,CLEAN,13.000000,1.102460,0.792756,1.000000,1.000000,79.000000,1.337172,0.860923,0.500000,0.820000
10600,106.000000000,105.990000000,10599,1,REST_MEASUREMENT,CLEAN_LOCAL,1.000000,1.000000,0,0,1.01643741,0.00359768327,0.0236483812,1.4985553,1.64950621,2.91717696,4.29649925,0.256188273,0.590384007,0,0,0,1,1,450,100,1,12.540344,12.000000,21.000000,none,0,72,10.1067915,Y,0.209005743,----,0,69.098297,69.098297,27,6.95461369,Y,60.000000,8.22274113,79.000000,6.95461369,0,0,79.000000,6.95461369,0,69.000000,4.03858328,0,60.000000,8.22274113,0,1.000000,CLEAN,12.000000,1.083641,0.883581,1.000000,1.000000,79.000000,1.270338,0.732194,0.500000,1.000000
10700,107.000000000,106.990000000,10699,1,REST_MEASUREMENT,CLEAN_LOCAL,1.000000,1.000000,0,0,1.01622975,0.00371224806,0.0224128962,1.77329051,1.88774598,2.84418082,4.29649925,0.23468928,0.455582142,0,0,0,1,1,450,100,1,12.701223,13.000000,20.000000,none,0,66,10.9310369,Y,0.211687058,----,0,69.098297,69.098297,25,7.1357336,Y,79.000000,7.1357336,79.000000,7.1357336,0,0,79.000000,7.1357336,0,71.000000,0.725536942,0,68.000000,2.71480823,0,0.900000,MILD,13.000000,1.104582,0.881813,1.000000,1.000000,79.000000,1.267601,0.776234,0.500000,1.000000
10800,108.000000000,107.990000000,10799,1,REST_MEASUREMENT,CLEAN_LOCAL,1.000000,1.000000,0,0,1.01593757,0.00337272114,0.020512104,1.44636309,1.57514465,2.53941536,2.89169979,0.23535192,0.50355196,0,0,0,1,1,450,100,1,12.455795,12.000000,25.000000,none,0,73,9.77156544,Y,0.207596585,VALID,1,71.098297,71.098297,73,8.30636692,Y,80.000000,8.30636692,80.000000,8.30636692,0,0,80.000000,8.30636692,0,68.000000,5.03453016,0,65.000000,0.418211967,0,1.000000,CLEAN,12.000000,1.083936,0.915909,1.000000,1.000000,80.000000,1.215166,0.775895,0.500000,1.000000
10900,109.000000000,108.990000000,10899,1,REST_MEASUREMENT,CLEAN_LOCAL,1.000000,1.000000,0,0,1.01612461,0.00318473158,0.0157743692,1.09889376,1.22561491,2.15317559,3.58731866,0.235874191,0.5220294,0,0,0,1,1,450,100,1,12.646267,12.000000,22.000000,none,0,74,9.98446751,Y,0.210771114,----,0,73.098297,73.098297,43,6.37276697,X,80.000000,7.13777351,79.000000,6.37276697,0,0,79.000000,6.37276697,0,68.000000,4.24393654,0,72.000000,1.70439339,0,1.000000,CLEAN,13.000000,1.088498,0.924870,1.000000,1.000000,79.000000,1.062628,0.962783,0.850000,1.000000
11000,110.000000000,109.990000000,10999,1,REST_MEASUREMENT,CLEAN_LOCAL,1.000000,1.000000,0,0,1.0163281,0.00311836181,0.018507123,1.17005682,1.28636742,2.17678118,3.58731866,0.215647191,0.409460068,0,0,0,1,1,450,100,1,12.420074,12.000000,22.000000,none,0,72,10.8348064,Y,0.207001224,VALID_LOW,0,75.098297,75.098297,52,7.76427126,Y,80.000000,7.76427126,80.000000,7.76427126,0,0,80.000000,7.76427126,0,68.000000,4.32409763,0,73.000000,0.627908707,6,1.000000,CLEAN,12.000000,1.086325,0.792900,1.000000,1.000000,80.000000,1.273155,0.731640,0.850000,1.000000
11100,111.000000000,110.990000000,11099,1,REST_MEASUREMENT,CLEAN_LOCAL,1.000000,1.000000,0,0,1.01644349,0.00376238907,0.0207219124,1.72598052,1.89938843,3.2878232,4.31570196,0.253226429,0.498855114,0,0,0,1,1,450,100,1,12.273047,12.000000,22.000000,none,0,67,10.6594028,X,0.204550788,VALID_LOW,0,76.346840,76.346840,53,7.15166616,X,79.000000,7.15166616,79.000000,7.15166616,0,0,79.000000,7.15166616,0,67.000000,5.19041109,0,71.000000,0.65012151,0,0.900000,MILD,12.000000,1.095492,0.891166,1.000000,1.000000,79.000000,1.147906,0.943772,0.850000,1.000000
11200,112.000000000,111.990000000,11199,1,REST_MEASUREMENT,CLEAN_LOCAL,1.000000,1.000000,0,0,1.01615381,0.00392080471,0.019865036,1.86936128,2.01748157,3.28218317,4.31570196,0.262409627,0.54050684,0,0,0,1,1,450,100,1,12.527481,13.000000,21.000000,none,0,66,11.8919907,Y,0.208791345,VALID_LOW,0,77.195854,77.195854,64,9.57727051,X,79.000000,9.57727051,79.000000,9.57727051,0,0,79.000000,9.57727051,0,91.000000,6.29433537,0,84.000000,0.407418966,0,0.900000,MILD,13.000000,1.111672,0.997552,1.000000,1.000000,79.000000,1.146191,0.587750,1.000000,1.000000
11300,113.000000000,112.990000000,11299,1,REST_MEASUREMENT,CLEAN_LOCAL,1.000000,1.000000,0,0,1.01597893,0.0036303706,0.0183753967,1.34905136,1.51029718,2.60559082,4.01481056,0.241702899,0.519239902,0,0,0,1,1,450,100,1,12.342863,12.000000,22.000000,none,0,73,12.7864151,Y,0.20571439,VALID,1,77.088135,77.088135,67,6.40667009,X,90.000000,8.47411156,77.000000,6.40667009,0,0,77.000000,6.40667009,0,90.000000,8.47411156,0,80.000000,5.21985483,0,1.000000,CLEAN,12.000000,1.089395,0.780394,1.000000,1.000000,77.000000,1.332885,0.277179,1.000000,1.000000
11400,114.000000000,113.990000000,11399,1,REST_MEASUREMENT,CLEAN_LOCAL,1.000000,1.000000,0,0,1.01625478,0.00343315699,0.0177133083,1.11885977,1.27530622,2.31732965,4.01481056,0.242436469,0.519454479,0,0,0,1,1,450,100,1,12.572861,13.000000,22.000000,none,0,73,13.4108667,Y,0.209547684,----,0,77.088135,77.088135,19,8.90982246,Z,90.000000,8.90982246,78.000000,6.12041235,1,7,90.000000,8.90982246,7,77.000000,6.29506874,6,81.000000,3.64490271,0,1.000000,CLEAN,13.000000,1.102924,0.873869,1.000000,1.000000,90.000000,1.317314,0.337924,0.500000,0.984000
11500,115.000000000,114.990000000,11499,1,REST_MEASUREMENT,CLEAN_LOCAL,1.000000,1.000000,0,0,1.01635516,0.0030161601,0.0189170837,1.1645025,1.26125443,1.98811853,3.53257346,0.239095047,0.551521778,0,0,0,1,1,450,100,1,12.722360,13.000000,30.000000,none,0,73,11.298749,Y,0.212039322,----,0,77.088135,77.088135,19,9.41541576,Z,90.000000,9.41541576,79.000000,3.61566401,1,7,90.000000,9.41541576,7,78.000000,4.96071625,6,81.000000,3.86967134,0,1.000000,CLEAN,13.000000,1.093324,0.799754,1.000000,1.000000,90.000000,1.332805,0.291229,0.500000,0.984000
11600,116.000000000,115.990000000,11599,1,REST_MEASUREMENT,CLEAN_LOCAL,1.000000,1.000000,0,0,1.01646078,0.00367995957,0.0213239193,1.73206615,1.87293947,2.99155307,3.53099108,0.258261174,0.555706024,0,0,0,1,1,450,100,1,12.469534,12.000000,21.000000,none,0,64,13.4339151,Y,0.207825571,VALID_LOW,0,77.039658,77.039658,54,5.39389372,X,120.000000,8.47779655,90.000000,7.30746651,1,6,77.000000,5.39389372,6,90.000000,7.30746651,0,82.000000,4.84097672,0,0.900000,MILD,12.000000,1.096375,0.797464,1.000000,1.000000,77.000000,1.307586,0.139004,1.000000,0.967600
11700,117.000000000,116.990000000,11699,1,REST_MEASUREMENT,CLEAN_LOCAL,1.000000,1.000000,0,0,1.01615131,0.00411211839,0.0215989351,1.90059841,2.01133442,2.98968434,3.53099108,0.25733155,0.538873672,0,0,0,1,1,450,100,1,12.305197,12.000000,20.000000,none,0,66,12.5117989,Y,0.205086619,----,0,77.039658,77.039658,15,7.5960784,Z,120.000000,7.76507139,90.000000,7.5960784,0,0,90.000000,7.5960784,0,74.000000,0.841629446,6,83.000000,4.59171247,0,0.900000,MILD,12.000000,1.103876,0.927180,1.000000,1.000000,90.000000,1.247915,0.355741,0.500000,1.000000
11800,118.000000000,117.990000000,11799,1,REST_MEASUREMENT,CLEAN_LOCAL,1.000000,1.000000,0,0,1.01618361,0.00393194426,0.0215989351,1.37701976,1.54991543,2.5188756,4.04863167,0.261019588,0.561523438,0,0,0,1,1,450,100,1,12.198378,12.000000,21.000000,none,0,76,11.5872307,Y,0.203306288,VALID_LOW,0,78.946968,78.946968,52,6.60311174,Y,90.000000,8.30284595,90.000000,8.30284595,1,7,83.000000,6.60311174,7,90.000000,8.30284595,0,88.000000,6.24617195,0,1.000000,CLEAN,12.000000,1.094635,0.984906,1.000000,1.000000,83.000000,1.499176,0.359575,0.850000,0.960000
11900,119.000000000,118.990000000,11899,1,REST_MEASUREMENT,CLEAN_LOCAL,1.000000,1.000000,0,0,1.01641238,0.00357367541,0.019058466,1.13513446,1.30237949,2.42488694,4.04863167,0.243856907,0.50303936,0,0,0,1,1,450,100,1,12.478946,12.000000,22.000000,none,0,73,10.8105822,Y,0.207982436,----,0,78.946968,78.946968,27,9.44307995,Z,90.000000,9.44307995,90.000000,9.44307995,0,0,90.000000,9.44307995,0,88.000000,8.06569672,7,83.000000,4.70062876,0,1.000000,CLEAN,13.000000,1.101990,0.942482,1.000000,1.000000,90.000000,1.402844,0.363617,0.500000,1.000000
12000,120.000000000,119.990000000,11999,1,REST_MEASUREMENT,CLEAN_LOCAL,1.000000,1.000000,0,0,1.01648724,0.00305213756,0.0178370476,1.17180967,1.26041222,2.05641747,3.39316154,0.204220712,0.464010239,0,0,0,1,1,450,100,1,12.311315,12.000000,22.000000,none,0,73,12.4288197,Y,0.205188572,----,0,78.946968,78.946968,27,11.670804,Z,90.000000,11.670804,90.000000,11.670804,0,0,90.000000,11.670804,0,84.000000,3.42209053,7,78.000000,1.45053506,0,1.000000,CLEAN,12.000000,1.087783,0.842838,1.000000,1.000000,90.000000,1.440482,0.403924,0.500000,1.000000
12100,121.000000000,120.990000000,12099,1,REST_MEASUREMENT,CLEAN_LOCAL,1.000000,1.000000,0,0,1.01648808,0.00314651127,0.0191704035,1.6905508,1.80825365,2.84218788,3.3478899,0.245856106,0.515091419,0,0,0,1,1,450,100,1,12.202354,12.000000,26.000000,none,0,68,11.5823669,Y,0.203372568,VALID,1,80.946968,80.946968,66,10.5170822,Z,90.000000,10.5170822,90.000000,10.5170822,0,0,90.000000,10.5170822,0,74.000000,4.51739264,6,78.000000,1.30851984,0,0.900000,MILD,12.000000,1.093171,0.980050,1.000000,1.000000,90.000000,1.351726,0.124072,0.500000,1.000000
12200,122.000000000,121.990000000,12199,1,REST_MEASUREMENT,CLEAN_LOCAL,1.000000,1.000000,0,0,1.015975,0.00333199347,0.019693017,1.76244783,1.89087391,2.84218788,3.3478899,0.263368309,0.5412817,0,0,0,1,1,450,100,1,12.131531,12.000000,26.000000,none,0,68,12.8765793,Y,0.202192172,VALID,1,82.946968,82.946968,66,10.2094774,Z,90.000000,10.2094774,90.000000,10.2094774,0,0,90.000000,10.2094774,0,88.000000,6.84016609,0,84.000000,4.6988945,7,0.900000,MILD,12.000000,1.095572,0.888578,1.000000,1.000000,90.000000,1.333972,0.253098,0.500000,1.000000
12300,123.000000000,122.990000000,12299,1,REST_MEASUREMENT,CLEAN_LOCAL,1.000000,1.000000,0,0,1.01585782,0.00321843615,0.0177952051,1.21692395,1.38306522,2.44832754,3.69049859,0.225556865,0.474107265,0,0,0,1,1,450,100,1,12.085495,12.000000,22.000000,none,0,75,13.1608114,Y,0.201424912,VALID_LOW,0,84.946968,84.946968,53,9.74572086,Z,90.000000,9.74572086,90.000000,9.74572086,0,0,90.000000,9.74572086,0,88.000000,4.92377186,0,84.000000,3.73042297,7,1.000000,CLEAN,12.000000,1.092948,0.795437,1.000000,1.000000,90.000000,1.270839,0.124517,0.850000,1.000000
12400,124.000000000,123.990000000,12399,1,REST_MEASUREMENT,CLEAN_LOCAL,1.000000,1.000000,0,0,1.01622868,0.00315957353,0.017590642,1.14457405,1.28827,2.33482409,3.69049859,0.235679299,0.484776497,0,0,0,1,1,450,100,1,12.405572,13.000000,21.000000,none,0,72,11.1420975,X,0.206759527,VALID_LOW,0,86.563942,86.563942,60,9.28291607,Z,120.000000,9.42146969,90.000000,9.28291607,0,0,90.000000,9.28291607,0,83.000000,5.46114826,0,87.000000,4.12255049,7,1.000000,CLEAN,13.000000,1.105207,0.991130,1.000000,1.000000,90.000000,1.259538,0.122196,0.850000,1.000000
12500,125.000000000,124.990000000,12499,1,REST_MEASUREMENT,CLEAN_LOCAL,1.000000,1.000000,0,0,1.0164783,0.00324066705,0.017780304,1.30601513,1.41770458,2.59646583,3.38936877,0.247174874,0.541806221,0,0,0,1,1,450,100,1,12.263621,12.000000,21.000000,none,0,75,11.821208,Y,0.204393685,VALID_LOW,0,87.663483,87.663483,63,8.70424557,Z,90.000000,8.70424557,89.000000,8.00430489,0,0,90.000000,8.70424557,0,83.000000,6.76177835,0,88.000000,4.93513966,7,1.000000,CLEAN,12.000000,1.091833,0.996145,1.000000,1.000000,90.000000,1.235587,0.120101,0.850000,1.000000
12600,126.000000000,125.990000000,12599,1,REST_MEASUREMENT,CLEAN_LOCAL,1.000000,1.000000,0,0,1.01638722,0.003360759,0.018261075,1.83198535,1.97625971,3.0101397,4.17722464,0.238908887,0.459706783,0,0,0,1,1,450,100,1,12.171354,12.000000,21.000000,none,0,68,12.7807398,Y,0.2028559,VALID,1,88.411171,88.411171,66,10.2444029,Z,90.000000,10.2444029,90.000000,10.2444029,0,0,90.000000,10.2444029,0,83.000000,3.87770748,7,95.000000,4.05818558,8,0.900000,MILD,12.000000,1.103793,0.885907,1.000000,1.000000,90.000000,1.335647,0.299450,1.000000,1.000000
12700,127.000000000,126.990000000,12699,1,REST_MEASUREMENT,CLEAN_LOCAL,1.000000,1.000000,0,0,1.01576602,0.00379141653,0.0224479437,1.82342267,1.9729948,2.86385775,4.17722464,0.245783761,0.492608547,0,0,0,1,1,450,100,1,12.111381,12.000000,21.000000,none,0,69,11.6160822,Y,0.201856345,VALID,1,89.285027,89.285027,68,9.09102631,Z,90.000000,9.09102631,90.000000,9.09102631,0,0,90.000000,9.09102631,0,82.000000,4.24095392,0,86.000000,2.56912756,7,0.900000,MILD,12.000000,1.094046,0.959877,1.000000,1.000000,90.000000,1.260672,0.355200,1.000000,1.000000
12800,128.000000000,127.990000000,12799,1,REST_MEASUREMENT,CLEAN_LOCAL,1.000000,1.000000,0,0,1.01600683,0.00409663748,0.0224479437,1.31786907,1.45830154,2.36826158,4.17088747,0.244432896,0.50085783,0,0,0,1,1,450,100,1,12.072397,12.000000,24.000000,none,0,77,9.39876556,Y,0.201206625,VALID_LOW,0,90.228264,90.228264,57,5.31788254,Z,120.000000,6.03712177,89.000000,4.60518122,0,0,91.000000,5.31788254,0,85.000000,3.1738019,7,97.000000,1.26911342,8,1.000000,CLEAN,12.000000,1.087098,0.995289,1.000000,1.000000,91.000000,1.179206,0.402801,1.000000,1.000000
12900,129.000000000,128.990000000,12899,1,REST_MEASUREMENT,CLEAN_LOCAL,1.000000,1.000000,0,0,1.01604939,0.0033787759,0.019963026,1.19023585,1.31948173,2.3139739,4.17088747,0.23082605,0.449848175,0,0,0,1,1,450,100,1,12.397058,13.000000,22.000000,none,0,72,11.0992775,Y,0.206617638,VALID_LOW,0,92.075218,92.075218,45,0.715591967,Z,77.000000,5.23688841,96.000000,0.715591967,0,0,96.000000,0.715591967,0,91.000000,4.10087633,0,89.000000,3.19299126,7,1.000000,CLEAN,13.000000,1.099497,0.953754,1.000000,1.000000,96.000000,1.968414,0.980748,0.850000,1.000000
13000,130.000000000,129.990000000,12999,1,REST_MEASUREMENT,CLEAN_LOCAL,1.000000,1.000000,0,0,1.01591992,0.00279208203,0.0156894922,1.37847376,1.51050353,2.64649534,3.21458626,0.212729424,0.423932076,0,0,0,1,1,450,100,1,12.258088,12.000000,27.000000,none,0,75,10.4032383,Y,0.204301462,VALID_LOW,0,91.483849,91.483849,60,5.42704201,Z,77.000000,5.43355608,91.000000,5.42704201,0,0,91.000000,5.42704201,0,96.000000,0.680999219,8,80.000000,5.21147299,0,1.000000,CLEAN,12.000000,1.083734,0.991814,1.000000,1.000000,91.000000,1.258247,0.505651,1.000000,1.000000
13100,131.000000000,130.990000000,13099,1,REST_MEASUREMENT,CLEAN_LOCAL,1.000000,1.000000,0,0,1.01592302,0.00372481463,0.0202525854,1.9668324,2.09369826,3.13900661,3.80717516,0.248996466,0.553143024,0,0,0,1,1,450,100,1,12.517757,13.000000,20.000000,none,0,65,11.5379171,X,0.208629295,----,0,93.249016,93.249016,39,0.990528047,Z,78.000000,7.07241535,97.000000,0.990528047,0,0,97.000000,0.990528047,0,78.000000,7.07241535,0,90.000000,3.11830354,7,0.900000,MILD,13.000000,1.109035,0.851057,1.000000,1.000000,97.000000,1.803520,0.844334,0.850000,1.000000
13200,132.000000000,131.990000000,13199,1,REST_MEASUREMENT,CLEAN_LOCAL,1.000000,1.000000,0,0,1.01600552,0.00427207025,0.0202525854,1.69812083,1.87911773,3.12067246,3.80717516,0.273149997,0.605332851,0,0,0,1,1,450,100,1,12.336542,12.000000,26.000000,none,0,67,12.102829,X,0.205609038,VALID_LOW,0,92.529327,92.529327,46,4.17816162,Y,77.000000,7.85131884,91.000000,4.17816162,0,0,91.000000,4.17816162,0,77.000000,7.85131884,0,89.000000,3.54762936,0,0.900000,MILD,12.000000,1.097003,0.971144,1.000000,1.000000,91.000000,1.243632,0.398485,1.000000,1.000000
13300,133.000000000,132.990000000,13299,1,REST_MEASUREMENT,CLEAN_LOCAL,1.000000,1.000000,0,0,1.0165664,0.00389405037,0.0196690559,1.08040726,1.20574582,1.91820669,4.02113676,0.247581318,0.51574707,0,0,0,1,1,450,100,1,12.218752,12.000000,26.000000,none,0,75,12.3364201,Y,0.20364587,VALID_LOW,0,91.688194,91.688194,56,4.84557581,Y,78.000000,5.36397219,91.000000,4.84557581,0,0,91.000000,4.84557581,0,78.000000,5.36397219,0,94.000000,1.01802373,0,1.000000,CLEAN,12.000000,1.094507,0.910303,1.000000,1.000000,91.000000,1.327285,0.155615,1.000000,1.000000
13400,134.000000000,133.990000000,13399,1,REST_MEASUREMENT,CLEAN_LOCAL,1.000000,1.000000,0,0,1.01648855,0.00346545968,0.0188375711,1.34637833,1.50539708,2.51911879,4.02113676,0.224125683,0.499355793,0,0,0,1,1,450,100,1,12.492188,13.000000,22.000000,none,0,72,11.451231,X,0.208203137,VALID_LOW,0,90.827972,90.827972,58,4.30118275,Z,62.000000,6.09583473,91.000000,5.55878639,1,7,89.000000,4.30118275,7,91.000000,5.55878639,0,85.000000,4.37338972,7,1.000000,CLEAN,13.000000,1.106214,0.858184,1.000000,1.000000,89.000000,1.739476,0.461195,1.000000,0.984000
13500,135.000000000,134.990000000,13499,1,REST_MEASUREMENT,CLEAN_LOCAL,1.000000,1.000000,0,0,1.01619995,0.00398432044,0.0255026817,1.73482561,1.81424057,2.6836834,3.64256525,0.246198535,0.571370125,0,0,0,1,1,450,100,1,12.319922,12.000000,27.000000,none,0,66,12.3925858,X,0.205332041,VALID_LOW,0,90.372589,90.372589,60,6.42194891,Y,76.000000,7.24001265,90.000000,6.42194891,0,0,90.000000,6.42194891,0,76.000000,7.24001265,6,78.000000,5.76485348,0,0.900000,MILD,12.000000,1.093168,0.841145,1.000000,1.000000,90.000000,1.336398,0.448151,1.000000,1.000000
13600,136.000000000,135.990000000,13599,1,REST_MEASUREMENT,CLEAN_LOCAL,1.000000,1.000000,0,0,1.01570356,0.00446108356,0.0278356075,2.01596713,2.15379524,3.40662789,4.99066877,0.276368439,0.579512119,0,0,0,1,1,450,100,1,12.207950,12.000000,24.000000,none,0,66,11.8468418,X,0.203465834,----,0,88.653358,88.653358,37,3.2868557,Z,76.000000,6.04220295,76.000000,6.04220295,1,7,85.000000,3.2868557,7,91.000000,3.91911411,0,77.000000,5.31518412,0,0.900000,MILD,12.000000,1.099913,0.773688,1.000000,1.000000,85.000000,1.656441,0.150054,0.850000,0.992800
13700,137.000000000,136.990000000,13699,1,REST_MEASUREMENT,CLEAN_LOCAL,1.000000,1.000000,0,0,1.01569629,0.00454423437,0.0234128237,2.13180733,2.4073391,4.32235813,6.06443119,0.26944527,0.506174564,0,0,0,1,1,450,100,1,12.135167,12.000000,15.000000,none,0,68,10.7020502,X,0.20225279,----,0,88.653358,88.653358,15,6.56109762,X,76.000000,6.56109762,76.000000,6.56109762,0,0,76.000000,6.56109762,0,89.000000,4.00216055,0,84.000000,3.63014269,7,0.900000,MILD,12.000000,1.076060,0.929510,1.000000,1.000000,76.000000,1.233809,0.778836,0.500000,1.000000
13800,138.000000000,137.990000000,13799,1,REST_MEASUREMENT,CLEAN_LOCAL,1.000000,1.000000,0,0,1.01624227,0.00439073797,0.0234128237,1.98505783,2.28176117,4.30380821,6.06443119,0.273294121,0.548875332,0,0,0,1,1,450,100,1,12.437859,13.000000,22.000000,none,0,64,10.4486942,X,0.207297638,----,0,88.653358,88.653358,17,8.32617569,X,76.000000,8.32617569,90.000000,4.75260878,1,6,76.000000,8.32617569,6,89.000000,5.11125565,7,84.000000,3.04901719,0,0.900000,MILD,13.000000,1.094075,0.895264,1.000000,1.000000,76.000000,1.310026,0.593675,0.500000,0.919000
13900,139.000000000,138.990000000,13899,1,REST_MEASUREMENT,CLEAN_LOCAL,1.000000,1.000000,0,0,1.01598513,0.00367631996,0.0192564726,1.65179718,1.85032916,3.38861179,4.54405642,0.249855891,0.540673733,0,0,0,1,1,450,100,1,12.634608,13.000000,8.000000,none,0,66,13.6219635,Y,0.210576802,VALID,1,86.653358,86.653358,70,10.5985851,X,75.000000,10.5985851,94.000000,0.344234526,1,6,75.000000,10.5985851,6,90.000000,2.55339408,7,84.000000,2.14224982,0,0.900000,MILD,13.000000,1.106284,0.873645,1.000000,1.000000,75.000000,1.393362,0.627087,0.500000,0.967600
14000,140.000000000,139.990000000,13999,1,REST_MEASUREMENT,CLEAN_LOCAL,1.000000,1.000000,0,0,1.01584208,0.00350653962,0.019446373,1.64391041,1.79191637,2.96140647,3.47162247,0.220641568,0.458347797,0,0,0,1,1,450,100,1,12.412496,13.000000,8.000000,none,0,73,11.1879225,X,0.206874922,VALID,1,84.653358,84.653358,68,7.85894012,X,75.000000,7.85894012,94.000000,0.607422352,1,6,75.000000,7.85894012,6,86.000000,1.35227501,7,94.000000,0.607422352,0,1.000000,CLEAN,12.000000,1.089450,0.905303,1.000000,1.000000,75.000000,1.368900,0.743703,0.500000,0.820000
14100,141.000000000,140.990000000,14099,1,REST_MEASUREMENT,CLEAN_LOCAL,1.000000,1.000000,0,0,1.01572573,0.0044708834,0.0250469446,2.00694776,2.12792659,3.08839059,3.49427509,0.267118216,0.536310673,0,0,0,1,1,450,100,1,12.618122,13.000000,20.000000,none,0,67,12.8412209,X,0.21030204,----,0,84.653358,84.653358,19,4.93645287,X,74.000000,4.93645287,83.000000,2.858042,1,6,74.000000,4.93645287,6,83.000000,2.858042,0,78.000000,1.57600892,6,0.900000,MILD,13.000000,1.120139,0.969684,1.000000,1.000000,74.000000,1.431272,0.728333,0.500000,0.919000
14200,142.000000000,141.990000000,14199,1,REST_MEASUREMENT,CLEAN_LOCAL,1.000000,1.000000,0,0,1.01566935,0.00421242183,0.0250469446,1.68993473,1.84235477,2.95456052,3.49427509,0.272272348,0.563561916,0,0,0,1,1,450,100,1,12.401779,10.000000,10.000000,none,0,66,10.0828362,X,0.206696317,----,0,84.653358,84.653358,22,6.65188885,X,74.000000,6.65188885,82.000000,3.1467495,1,6,74.000000,6.65188885,6,83.000000,3.55542898,0,87.000000,1.06388366,7,0.900000,MILD,12.000000,1.097793,0.852950,1.000000,1.000000,74.000000,1.502990,0.619958,0.500000,0.919000
14300,143.000000000,142.990000000,14299,1,REST_MEASUREMENT,CLEAN_LOCAL,1.000000,1.000000,0,0,1.01567292,0.0031523041,0.0180687904,1.21248889,1.3299855,2.53071713,3.37837267,0.255515993,0.601267815,0,0,0,1,1,450,100,1,12.261156,12.000000,10.000000,none,0,75,9.39356327,Y,0.204352602,VALID_LOW,0,83.804283,83.804283,50,2.50029874,Y,74.000000,5.83197069,82.000000,2.50029874,0,0,82.000000,2.50029874,0,74.000000,5.83197069,6,90.000000,3.62812543,0,1.000000,CLEAN,12.000000,1.088614,0.967842,1.000000,1.000000,82.000000,1.577609,0.817919,1.000000,1.000000
14400,144.000000000,143.990000000,14399,1,REST_MEASUREMENT,CLEAN_LOCAL,1.000000,1.000000,0,0,1.01563561,0.00339155435,0.0180687904,1.28357208,1.40117252,2.47705388,3.37837267,0.256741643,0.601267815,0,0,0,1,1,450,100,1,12.169751,11.000000,10.000000,none,0,72,8.15357876,X,0.202829182,VALID_LOW,0,83.911926,83.911926,60,5.37222052,Z,67.000000,6.09529066,90.000000,3.35371447,1,7,84.000000,5.37222052,7,86.000000,1.42448664,7,90.000000,3.35371447,0,1.000000,CLEAN,12.000000,1.082757,0.993610,1.000000,1.000000,84.000000,1.276187,0.202154,1.000000,0.984000
14500,145.000000000,144.990000000,14499,1,REST_MEASUREMENT,CLEAN_LOCAL,1.000000,1.000000,0,0,1.01590848,0.00343087432,0.0189092159,1.4524616,1.5557965,2.47913933,3.24655652,0.253993809,0.573396683,0,0,0,1,1,450,100,1,11.760338,11.000000,22.000000,none,0,70,9.20854664,X,0.196005628,VALID_LOW,0,83.410370,83.410370,64,6.07170391,Z,69.000000,6.51022291,76.000000,2.80916071,1,7,83.000000,6.07170391,7,80.000000,1.01974976,7,69.000000,6.51022291,6,1.000000,CLEAN,11.000000,1.084380,0.882424,1.000000,1.000000,83.000000,1.369592,0.286838,1.000000,0.984000
14600,146.000000000,145.990000000,14599,1,REST_MEASUREMENT,CLEAN_LOCAL,1.000000,1.000000,0,0,1.01571417,0.00341866422,0.0189445019,1.89958191,2.03266978,3.24655652,4.08249187,0.257334083,0.569176674,0,0,0,1,1,450,100,1,11.494220,11.000000,19.000000,none,0,65,10.3228216,Z,0.191570327,VALID_LOW,0,83.734665,83.734665,58,6.12029219,Z,67.000000,9.86288357,84.000000,6.12029219,0,0,84.000000,6.12029219,0,67.000000,9.86288357,6,89.000000,1.01735842,0,0.900000,MILD,11.000000,1.101254,0.926373,1.000000,1.000000,84.000000,1.306212,0.378003,1.000000,1.000000
14700,147.000000000,146.990000000,14699,1,REST_MEASUREMENT,CLEAN_LOCAL,1.000000,1.000000,0,0,1.01568091,0.00350106205,0.0184351206,1.77592075,1.98830712,3.37694454,4.08249187,0.240381062,0.502943993,0,0,0,1,1,450,100,1,11.321243,11.000000,30.000000,none,0,66,17.4820023,Y,0.188687384,----,0,83.734665,83.734665,11,11.9949455,X,67.000000,11.9949455,84.000000,4.9151001,1,6,67.000000,11.9949455,6,84.000000,4.9151001,0,90.000000,2.75177455,8,0.900000,MILD,11.000000,1.124462,0.762733,1.000000,1.000000,67.000000,1.337346,0.360655,0.200000,0.967600
14800,148.000000000,147.990000000,14799,1,REST_MEASUREMENT,CLEAN_LOCAL,1.000000,1.000000,0,0,1.01613045,0.00375286443,0.0213052034,1.24827993,1.46876359,2.72172832,4.71067047,0.276288092,0.602388382,0,0,0,1,1,450,100,1,11.558808,12.000000,21.000000,none,0,73,10.770771,Y,0.192646801,VALID_LOW,0,84.459572,84.459572,56,3.99494743,X,67.000000,9.57105923,86.000000,3.99494743,0,0,86.000000,3.99494743,0,67.000000,9.57105923,6,84.000000,4.67012358,0,1.000000,CLEAN,12.000000,1.105016,0.811634,1.000000,1.000000,86.000000,1.485108,0.718058,1.000000,1.000000
14900,149.000000000,148.990000000,14899,1,REST_MEASUREMENT,CLEAN_LOCAL,1.000000,1.000000,0,0,1.01594651,0.00373505196,0.0213052034,1.19382215,1.34825957,2.27212071,4.71067047,0.277039379,0.620651245,0,0,0,1,1,450,100,1,11.713225,12.000000,21.000000,none,0,74,9.40002155,Y,0.195220426,----,0,84.459572,84.459572,11,8.86178303,X,68.000000,8.86178303,85.000000,2.48233533,1,6,68.000000,8.86178303,6,83.000000,4.96891356,7,85.000000,2.48233533,0,1.000000,CLEAN,12.000000,1.102495,0.910158,1.000000,1.000000,68.000000,1.154537,0.294995,0.200000,0.928000
15000,150.000000000,149.990000000,14999,1,REST_MEASUREMENT,CLEAN_LOCAL,1.000000,1.000000,0,0,1.01574922,0.00303284544,0.0175281763,1.13855445,1.20492375,1.93479884,2.86632967,0.220417306,0.519943237,0,0,0,1,1,450,100,1,11.463596,11.000000,24.000000,none,0,73,13.3295708,Y,0.191059932,VALID,1,83.656807,83.656807,66,7.42951202,Z,69.000000,9.06123543,83.000000,7.42951202,0,0,83.000000,7.42951202,0,69.000000,9.06123543,6,85.000000,2.67702532,0,1.000000,CLEAN,11.000000,1.108152,0.958293,1.000000,1.000000,83.000000,1.220226,0.035599,1.000000,1.000000
15100,151.000000000,150.990000000,15099,1,REST_MEASUREMENT,CLEAN_LOCAL,1.000000,1.000000,0,0,1.01596332,0.00344722974,0.021720171,1.67894757,1.83751833,2.95239568,4.08055019,0.25212276,0.563335419,0,0,0,1,1,450,100,1,11.301337,11.000000,19.000000,none,0,66,10.119771,Y,0.188355625,VALID_LOW,0,83.295563,83.295563,58,6.81094885,Z,83.000000,6.81094885,83.000000,6.81094885,0,0,83.000000,6.81094885,0,70.000000,6.74449873,6,86.000000,2.83346844,0,0.900000,MILD,11.000000,1.088467,0.931906,1.000000,1.000000,83.000000,1.262857,0.083150,1.000000,1.000000
15200,152.000000000,151.990000000,15199,1,REST_MEASUREMENT,CLEAN_LOCAL,1.000000,1.000000,0,0,1.01540375,0.00387195731,0.022906065,1.78349459,1.95257783,3.1122582,4.08055019,0.269011408,0.563335419,0,0,0,1,1,450,100,1,10.845869,11.000000,23.000000,none,0,62,13.4276419,Y,0.180764481,VALID_LOW,0,83.133003,83.133003,56,6.16362238,Z,68.000000,8.54310417,69.000000,8.32509995,0,0,83.000000,6.16362238,0,86.000000,3.52009654,8,68.000000,8.54310417,0,0.900000,MILD,10.000000,1.087663,0.909918,1.000000,1.000000,83.000000,1.233689,0.046957,1.000000,1.000000
15300,153.000000000,152.990000000,15299,1,REST_MEASUREMENT,CLEAN_LOCAL,1.000000,1.000000,0,0,1.01557016,0.00362721179,0.0200792551,1.21878695,1.40352035,2.52153397,4.62189674,0.250517666,0.558757782,0,0,0,1,1,450,100,1,10.899815,11.000000,21.000000,none,0,75,9.93177032,Y,0.181663573,----,0,83.133003,83.133003,15,9.12559319,X,69.000000,9.12559319,69.000000,9.12559319,0,0,69.000000,9.12559319,0,84.000000,6.52296066,0,77.000000,0.363137424,7,1.000000,CLEAN,11.000000,1.073369,0.822121,1.000000,1.000000,69.000000,1.427734,0.497230,0.500000,1.000000
15400,154.000000000,153.990000000,15399,1,REST_MEASUREMENT,CLEAN_LOCAL,1.000000,1.000000,0,0,1.01612306,0.00363730686,0.0194238424,1.15855432,1.34509778,2.49920869,4.62189674,0.252573788,0.558757782,0,0,0,1,1,450,100,1,11.284880,12.000000,21.000000,none,0,70,10.1690779,Y,0.188081324,VALID_LOW,0,84.159851,84.159851,61,4.11554098,X,69.000000,6.37627649,85.000000,4.11554098,0,0,85.000000,4.11554098,0,69.000000,6.37627649,6,80.000000,4.27931404,7,1.000000,CLEAN,12.000000,1.092758,0.869783,1.000000,1.000000,85.000000,1.572137,0.900817,1.000000,1.000000
15500,155.000000000,154.990000000,15499,1,REST_MEASUREMENT,CLEAN_LOCAL,1.000000,1.000000,0,0,1.0162679,0.00337976636,0.0193470716,1.19743896,1.31388128,2.40702939,3.57006431,0.223488376,0.44053793,0,0,0,1,1,450,100,1,11.185172,11.000000,20.000000,none,0,75,13.7570229,Y,0.186419532,VALID_LOW,0,85.171936,85.171936,58,5.03886366,Z,69.000000,5.88031483,86.000000,5.03886366,0,0,86.000000,5.03886366,0,89.000000,4.62255001,8,69.000000,5.88031483,6,1.000000,CLEAN,11.000000,1.106755,0.898190,1.000000,1.000000,86.000000,1.329291,0.389290,1.000000,1.000000
15600,156.000000000,155.990000000,15599,1,REST_MEASUREMENT,CLEAN_LOCAL,1.000000,1.000000,0,0,1.0162183,0.00319827464,0.019071579,1.65021896,1.78240156,2.85333204,3.63615918,0.231082439,0.514161587,0,0,0,1,1,450,100,1,11.470362,12.000000,21.000000,none,0,73,9.72571754,X,0.191172689,VALID_LOW,0,84.476913,84.476913,53,3.86678052,Z,69.000000,5.09280634,83.000000,3.86678052,0,0,83.000000,3.86678052,0,80.000000,4.6185503,7,91.000000,1.11255479,8,1.000000,CLEAN,12.000000,1.106358,0.971705,1.000000,1.000000,83.000000,1.266886,0.955561,1.000000,1.000000
15700,157.000000000,156.990000000,15699,1,REST_MEASUREMENT,CLEAN_LOCAL,1.000000,1.000000,0,0,1.01602757,0.00373259466,0.0216507912,1.94672334,2.08969092,3.01452422,3.63615918,0.271971315,0.542783737,0,0,0,1,1,450,100,1,11.655735,12.000000,32.000000,none,0,66,11.8163958,Y,0.194262251,VALID_LOW,0,83.664612,83.664612,59,5.10848761,Z,69.000000,5.69292736,87.000000,2.47681975,1,7,83.000000,5.10848761,7,87.000000,2.47681975,0,81.000000,4.33043242,7,0.900000,MILD,12.000000,1.108519,0.810675,1.000000,1.000000,83.000000,1.582113,0.708718,1.000000,0.992800
15800,158.000000000,157.990000000,15799,1,REST_MEASUREMENT,CLEAN_LOCAL,1.000000,1.000000,0,0,1.01625574,0.00399123738,0.0230573416,1.43157852,1.66921532,3.01452422,3.8495028,0.256573468,0.518643856,0,0,0,1,1,450,100,1,11.426228,11.000000,21.000000,none,0,64,13.0307455,Y,0.190437123,VALID_LOW,0,83.299072,83.299072,63,4.74215269,Z,80.000000,5.19975662,83.000000,4.74215269,0,0,83.000000,4.74215269,0,80.000000,5.19975662,7,87.000000,2.50825047,0,0.900000,MILD,11.000000,1.115299,0.689361,1.000000,1.000000,83.000000,1.724483,0.969384,1.000000,1.000000
15900,159.000000000,158.990000000,15899,1,REST_MEASUREMENT,CLEAN_LOCAL,1.000000,1.000000,0,0,1.01647568,0.00363576249,0.0205916166,1.17331576,1.32829463,2.46579289,3.8495028,0.253569573,0.585818291,0,0,0,1,1,450,100,1,11.627048,12.000000,21.000000,none,0,73,8.70008469,Y,0.193784133,VALID,1,82.584579,82.584579,73,7.62206602,X,82.000000,7.62206602,87.000000,3.41202188,1,7,82.000000,7.62206602,7,87.000000,3.41202188,0,76.000000,1.07810724,0,1.000000,CLEAN,12.000000,1.096482,0.934875,1.000000,1.000000,82.000000,1.258246,0.740226,1.000000,0.984000
16000,160.000000000,159.990000000,15999,1,REST_MEASUREMENT,CLEAN_LOCAL,1.000000,1.000000,0,0,1.01619816,0.00317377225,0.0190240145,1.18454802,1.27759326,2.21658421,3.34310675,0.241921201,0.546514988,0,0,0,1,1,450,100,1,11.407581,11.000000,20.000000,none,0,73,10.881484,Y,0.190126359,VALID,1,82.263062,82.263062,74,7.52791643,X,82.000000,7.52791643,83.000000,7.05485773,1,7,82.000000,7.52791643,7,88.000000,3.17940784,0,78.000000,1.89967275,7,1.000000,CLEAN,11.000000,1.083782,0.866667,1.000000,1.000000,82.000000,1.193651,0.949804,1.000000,0.984000
16100,161.000000000,160.990000000,16099,1,REST_MEASUREMENT,CLEAN_LOCAL,1.000000,1.000000,0,0,1.01573539,0.00342498906,0.0228722095,1.54690838,1.68904543,2.80442619,3.54881287,0.219737738,0.480866432,0,0,0,1,1,450,100,1,11.264928,11.000000,20.000000,none,0,75,9.75100708,X,0.187748805,VALID,1,81.568375,81.568375,79,10.5991936,Y,81.000000,10.5991936,82.000000,9.86558819,1,7,81.000000,10.5991936,7,76.000000,0.697244704,0,86.000000,1.39876521,0,1.000000,CLEAN,11.000000,1.089594,0.985921,1.000000,1.000000,81.000000,1.264740,0.764323,1.000000,0.984000
16200,162.000000000,161.990000000,16199,1,REST_MEASUREMENT,CLEAN_LOCAL,1.000000,1.000000,0,0,1.01526928,0.00356181595,0.0228722095,1.79936421,1.90399289,2.80887246,3.54881287,0.233578116,0.512063503,0,0,0,1,1,450,100,1,11.172203,11.000000,25.000000,none,0,68,9.90853977,Y,0.18620339,VALID,1,81.255768,81.255768,66,7.24308395,Y,81.000000,7.24308395,81.000000,7.24308395,0,0,81.000000,7.24308395,0,74.000000,0.625563025,0,88.000000,2.62137938,8,0.900000,MILD,11.000000,1.075336,0.932844,1.000000,1.000000,81.000000,1.208052,0.983230,1.000000,1.000000
16300,163.000000000,162.990000000,16299,1,REST_MEASUREMENT,CLEAN_LOCAL,1.000000,1.000000,0,0,1.0155549,0.00335303042,0.0165790319,1.34224355,1.49513137,2.38413024,4.13409472,0.232739806,0.533282757,0,0,0,1,1,450,100,1,11.111932,11.000000,23.000000,none,0,75,12.3050995,Y,0.185198858,VALID,1,81.115097,81.115097,85,11.974164,X,81.000000,11.974164,81.000000,11.974164,0,0,81.000000,11.974164,0,85.000000,1.42888737,0,89.000000,3.36585665,8,1.000000,CLEAN,11.000000,1.087240,0.798693,1.000000,1.000000,81.000000,1.419016,0.882876,1.000000,1.000000
16400,164.000000000,163.990000000,16399,1,REST_MEASUREMENT,CLEAN_LOCAL,1.000000,1.000000,0,0,1.01618564,0.00310975011,0.0163753033,1.05175054,1.18016803,1.88468575,4.13409472,0.227652997,0.515711308,0,0,0,1,1,450,100,1,11.422755,12.000000,21.000000,none,0,71,9.84879494,Y,0.190379247,VALID,1,81.051796,81.051796,83,10.2723513,Y,81.000000,10.2723513,74.000000,0.588714719,1,7,81.000000,10.2723513,7,74.000000,0.588714719,0,85.000000,2.5013814,0,1.000000,CLEAN,12.000000,1.088975,0.876946,1.000000,1.000000,81.000000,1.293005,0.873281,1.000000,0.960000
16500,165.000000000,164.990000000,16499,1,REST_MEASUREMENT,CLEAN_LOCAL,1.000000,1.000000,0,0,1.01621103,0.00298700109,0.019372344,1.12574923,1.19700372,1.83545721,3.16141486,0.218680233,0.515711308,0,0,0,1,1,450,100,1,11.624791,12.000000,22.000000,none,0,73,11.5855637,Y,0.193746522,VALID,1,80.473305,80.473305,82,11.1441679,Y,80.000000,11.1441679,89.000000,4.64672804,1,7,80.000000,11.1441679,7,89.000000,4.64672804,0,69.000000,4.74422169,6,1.000000,CLEAN,12.000000,1.093065,0.893869,1.000000,1.000000,80.000000,1.320269,0.926204,1.000000,0.960000
16600,166.000000000,165.990000000,16599,1,REST_MEASUREMENT,CLEAN_LOCAL,1.000000,1.000000,0,0,1.01628911,0.00301176077,0.019372344,1.42567515,1.50321472,2.36326146,2.64200735,0.230778769,0.549411774,0,0,0,1,1,450,100,1,11.406115,11.000000,26.000000,none,0,73,11.1241722,Y,0.190101907,VALID_LOW,0,80.212990,80.212990,62,5.77242279,Y,69.000000,5.88277054,86.000000,1.21233773,1,7,80.000000,5.77242279,7,69.000000,5.88277054,6,86.000000,1.21233773,0,1.000000,CLEAN,11.000000,1.100725,0.839012,1.000000,1.000000,80.000000,1.109721,0.728703,1.000000,0.960000
16700,167.000000000,166.990000000,16699,1,REST_MEASUREMENT,CLEAN_LOCAL,1.000000,1.000000,0,0,1.01547027,0.00428295461,0.0251909494,1.88818157,2.01473165,3.28729939,5.36215115,0.264929771,0.588202477,0,0,0,1,1,450,100,1,11.613975,12.000000,20.000000,none,0,66,10.8299875,Y,0.193566248,VALID_LOW,0,79.504829,79.504829,60,7.25081015,X,78.000000,7.25081015,78.000000,7.25081015,0,0,78.000000,7.25081015,0,82.000000,3.73920059,7,69.000000,5.52466822,6,0.900000,MILD,12.000000,1.096184,0.923589,1.000000,1.000000,78.000000,1.388886,0.395545,1.000000,1.000000
16800,168.000000000,167.990000000,16799,1,REST_MEASUREMENT,CLEAN_LOCAL,1.000000,1.000000,0,0,1.01518035,0.00441513024,0.0251909494,1.6313467,1.83577776,3.30952477,5.36215115,0.25417009,0.534939766,0,0,0,1,1,450,100,1,11.399083,11.000000,26.000000,none,0,66,14.1367903,Y,0.189984724,VALID,1,78.677170,78.677170,72,10.4650555,X,78.000000,10.4650555,77.000000,5.77212954,1,7,78.000000,10.4650555,7,82.000000,4.83388424,7,74.000000,3.89489698,0,0.900000,MILD,11.000000,1.105401,0.850336,1.000000,1.000000,78.000000,1.530161,0.300135,1.000000,0.992800
16900,169.000000000,168.990000000,16899,1,REST_MEASUREMENT,CLEAN_LOCAL,1.000000,1.000000,0,0,1.01599872,0.00316486275,0.0181610584,1.07173741,1.19391084,1.95338726,3.59311914,0.218804017,0.50110817,0,0,0,1,1,450,100,1,11.609404,12.000000,21.000000,none,0,72,10.8925772,Y,0.193490058,VALID,1,78.304726,78.304726,76,7.98640633,X,78.000000,7.98640633,78.000000,7.98640633,0,0,78.000000,7.98640633,0,82.000000,4.32791471,7,74.000000,2.67119837,0,1.000000,CLEAN,12.000000,1.101716,0.806818,1.000000,1.000000,78.000000,1.403947,0.416312,1.000000,1.000000
17000,170.000000000,169.990000000,16999,1,REST_MEASUREMENT,CLEAN_LOCAL,1.000000,1.000000,0,0,1.01619112,0.00283216801,0.0180433989,1.11439776,1.21530521,2.13840389,3.59311914,0.230408803,0.492167473,0,0,0,1,1,450,100,1,11.746113,12.000000,21.000000,none,0,75,9.843009,Y,0.19576855,VALID,1,78.137123,78.137123,80,9.13834763,X,78.000000,9.13834763,78.000000,9.13834763,0,0,78.000000,9.13834763,0,82.000000,3.87295771,7,90.000000,5.58287811,0,1.000000,CLEAN,12.000000,1.092062,0.856565,1.000000,1.000000,78.000000,1.380165,0.362530,1.000000,1.000000
17100,171.000000000,170.990000000,17099,1,REST_MEASUREMENT,CLEAN_LOCAL,1.000000,1.000000,0,0,1.01627028,0.00287431874,0.0165461302,1.34496725,1.44445014,2.51240826,3.4999671,0.234021693,0.495016575,0,0,0,1,1,450,100,1,11.484973,11.000000,23.000000,none,0,73,11.1778078,Y,0.191416219,VALID,1,78.061707,78.061707,77,8.15036201,X,78.000000,8.15036201,77.000000,6.67322922,1,7,78.000000,8.15036201,7,82.000000,4.08317137,7,90.000000,6.64783907,8,1.000000,CLEAN,11.000000,1.096138,0.973752,1.000000,1.000000,78.000000,1.309156,0.588634,1.000000,0.984000
17200,172.000000000,171.990000000,17199,1,REST_MEASUREMENT,CLEAN_LOCAL,1.000000,1.000000,0,0,1.01600432,0.00310438988,0.0171078444,1.81573474,1.92546201,2.83252788,3.4999671,0.230321944,0.495016575,0,0,0,1,1,450,100,1,11.665233,12.000000,20.000000,none,0,66,10.9014311,Y,0.194420546,VALID,1,77.477768,77.477768,72,10.1980228,X,77.000000,10.1980228,77.000000,10.1980228,0,0,77.000000,10.1980228,0,90.000000,7.46866322,0,73.000000,2.34885669,0,0.900000,MILD,12.000000,1.110372,0.864462,1.000000,1.000000,77.000000,1.329879,0.567223,1.000000,1.000000
17300,173.000000000,172.990000000,17299,1,REST_MEASUREMENT,CLEAN_LOCAL,1.000000,1.000000,0,0,1.01528239,0.00315646525,0.0181562901,1.6184622,1.76438391,2.74680328,3.31463361,0.225706041,0.451731682,0,0,0,1,1,450,100,1,11.432402,11.000000,22.000000,none,0,73,15.621685,Y,0.190540031,VALID,1,77.214996,77.214996,72,7.26671124,X,77.000000,7.26671124,77.000000,7.26671124,0,0,77.000000,7.26671124,0,73.000000,1.53102803,0,82.000000,1.86800468,7,1.000000,CLEAN,11.000000,1.113212,0.803214,1.000000,1.000000,77.000000,1.242789,0.707280,1.000000,1.000000
17400,174.000000000,173.990000000,17399,1,REST_MEASUREMENT,CLEAN_LOCAL,1.000000,1.000000,0,0,1.01547456,0.00325564807,0.0177799463,1.1110369,1.23866379,1.85644412,4.42140007,0.23038204,0.457155704,0,0,0,1,1,450,100,1,11.631062,12.000000,21.000000,none,0,73,10.9521017,Y,0.193851024,VALID,1,77.096748,77.096748,84,10.4396801,X,77.000000,10.4396801,77.000000,10.4396801,0,0,77.000000,10.4396801,0,84.000000,1.30916905,0,81.000000,2.27722645,7,1.000000,CLEAN,12.000000,1.097713,0.850545,1.000000,1.000000,77.000000,1.473790,0.501952,1.000000,1.000000
17500,175.000000000,174.990000000,17499,1,REST_MEASUREMENT,CLEAN_LOCAL,1.000000,1.000000,0,0,1.0160501,0.0032798457,0.0181593895,1.1341511,1.26767182,2.02198863,4.42140007,0.238598228,0.530672073,0,0,0,1,1,450,100,1,11.760190,12.000000,21.000000,none,0,74,11.3211107,Y,0.196003169,VALID,1,76.493538,76.493538,77,11.774931,X,76.000000,11.774931,75.000000,9.27841854,0,0,76.000000,11.774931,0,80.000000,1.36450911,7,71.000000,1.56080472,6,1.000000,CLEAN,12.000000,1.094136,0.814351,1.000000,1.000000,76.000000,1.190582,0.422647,1.000000,1.000000
17600,176.000000000,175.990000000,17599,1,REST_MEASUREMENT,CLEAN_LOCAL,1.000000,1.000000,0,0,1.01612782,0.00305554084,0.0190831423,1.16204464,1.2330631,1.84782517,3.47727466,0.222814932,0.530672073,0,0,0,1,1,450,100,1,11.494123,11.000000,24.000000,none,0,71,14.9762259,Y,0.191568717,VALID,1,76.222092,76.222092,79,17.0112457,X,76.000000,17.0112457,76.000000,17.0112457,0,0,76.000000,17.0112457,0,80.000000,1.0966233,7,71.000000,1.39104426,6,1.000000,CLEAN,11.000000,1.105147,0.782116,1.000000,1.000000,76.000000,1.323414,0.324095,1.000000,1.000000
17700,177.000000000,176.990000000,17699,1,REST_MEASUREMENT,CLEAN_LOCAL,1.000000,1.000000,0,0,1.01614773,0.00322395726,0.0168994665,1.70499003,1.84458661,2.83868384,4.02558947,0.235041246,0.540065765,0,0,0,1,1,450,100,1,11.671181,12.000000,25.000000,none,0,66,10.6189775,Y,0.194519684,VALID,1,76.099945,76.099945,73,10.537468,X,76.000000,10.537468,76.000000,10.537468,0,0,76.000000,10.537468,0,84.000000,1.16887236,7,81.000000,1.7713064,7,0.900000,MILD,12.000000,1.095902,0.872343,1.000000,1.000000,76.000000,1.229629,0.596691,1.000000,1.000000
17800,178.000000000,177.990000000,17799,1,REST_MEASUREMENT,CLEAN_LOCAL,1.000000,1.000000,0,0,1.01570594,0.00349781872,0.0177773237,1.71647501,1.88182509,2.88402462,4.02558947,0.252117544,0.508904457,0,0,0,1,1,450,100,1,11.436268,11.000000,23.000000,none,0,64,13.5132484,Y,0.190604463,VALID,1,76.594978,76.594978,71,14.3125296,X,77.000000,14.3125296,77.000000,14.3125296,0,0,77.000000,14.3125296,0,81.000000,1.60553372,7,72.000000,1.63121295,0,0.900000,MILD,11.000000,1.094880,0.760453,1.000000,1.000000,77.000000,1.365836,0.353092,1.000000,1.000000
17900,179.000000000,178.990000000,17899,1,REST_MEASUREMENT,CLEAN_LOCAL,1.000000,1.000000,0,0,1.01574755,0.0033793326,0.020894289,1.21683955,1.35248256,2.34826279,3.82817268,0.22580871,0.49289465,0,0,0,1,1,450,100,1,11.283574,11.000000,22.000000,none,0,73,11.9184647,Y,0.188059568,VALID,1,76.817741,76.817741,80,8.95734215,X,77.000000,8.95734215,76.000000,7.70043612,1,7,77.000000,8.95734215,7,81.000000,0.680715144,7,90.000000,3.82572794,8,1.000000,CLEAN,11.000000,1.087624,0.751859,1.000000,1.000000,77.000000,1.250423,0.608185,1.000000,0.984000
18000,180.000000000,179.990000000,17999,1,REST_MEASUREMENT,CLEAN_LOCAL,1.000000,1.000000,0,0,1.01610649,0.00318731717,0.0203974247,1.18606162,1.31919241,2.23022032,3.82817268,0.230255991,0.526297092,0,0,0,1,1,450,100,1,11.184323,11.000000,27.000000,none,0,73,9.38137913,Y,0.186405391,VALID,1,77.467987,77.467987,79,8.4938879,X,78.000000,8.4938879,74.000000,2.5833149,1,7,78.000000,8.4938879,7,90.000000,5.4460721,8,74.000000,2.5833149,0,1.000000,CLEAN,11.000000,1.076358,0.735392,1.000000,1.000000,78.000000,1.469695,0.471866,1.000000,0.984000
18100,181.000000000,180.990000000,18099,1,REST_MEASUREMENT,CLEAN_LOCAL,1.000000,1.000000,0,0,1.01597118,0.00294203358,0.0170896053,1.160936,1.25204301,1.98351133,3.75542212,0.227673993,0.460422039,0,0,0,1,1,450,100,1,11.119810,11.000000,20.000000,none,0,75,12.9784384,Y,0.185330167,VALID,1,77.760597,77.760597,81,8.63984394,X,78.000000,8.63984394,70.000000,2.47655845,1,7,78.000000,8.63984394,7,70.000000,2.47655845,0,90.000000,5.17043495,8,1.000000,CLEAN,11.000000,1.091913,0.806957,1.000000,1.000000,78.000000,1.463898,0.501517,1.000000,0.984000
18200,182.000000000,181.990000000,18199,1,REST_MEASUREMENT,CLEAN_LOCAL,1.000000,1.000000,0,0,1.01612079,0.00307438266,0.0181188583,1.63512146,1.76659155,2.92291927,3.54233456,0.213185042,0.460422039,0,0,0,1,1,450,100,1,11.427876,12.000000,20.000000,none,0,71,9.59473991,Y,0.190464601,VALID,1,77.892265,77.892265,83,10.6802139,X,78.000000,10.6802139,77.000000,6.58659935,1,7,78.000000,10.6802139,7,74.000000,3.16954184,0,90.000000,5.32359552,8,1.000000,CLEAN,12.000000,1.096588,0.798801,1.000000,1.000000,78.000000,1.550091,0.421634,1.000000,0.984000
18300,183.000000000,182.990000000,18299,1,REST_MEASUREMENT,CLEAN_LOCAL,1.000000,1.000000,0,0,1.01540709,0.00350769307,0.0231642723,1.77392805,1.90277898,3.05164337,3.54233456,0.226243198,0.483846664,0,0,0,1,1,450,100,1,11.278120,12.000000,23.000000,none,0,66,12.5675917,Y,0.187968671,VALID,1,77.951523,77.951523,70,8.18857288,X,78.000000,8.18857288,76.000000,7.26644039,1,7,78.000000,8.18857288,7,76.000000,7.26644039,0,85.000000,1.68026674,0,0.900000,MILD,11.000000,1.106197,0.776045,1.000000,1.000000,78.000000,1.370097,0.470524,1.000000,0.992800
18400,184.000000000,183.990000000,18399,1,REST_MEASUREMENT,CLEAN_LOCAL,1.000000,1.000000,0,0,1.01521158,0.00387894828,0.0208117962,1.31789231,1.48770773,2.63810682,4.04315329,0.23791638,0.497937202,0,0,0,1,1,450,100,1,11.530778,12.000000,21.000000,none,0,71,13.4872217,Y,0.192179635,VALID,1,77.978188,77.978188,74,6.98368931,X,78.000000,6.98368931,78.000000,6.98368931,0,0,78.000000,6.98368931,0,73.000000,5.41137743,0,84.000000,1.71209872,0,1.000000,CLEAN,12.000000,1.105909,0.641054,1.000000,1.000000,78.000000,1.311540,0.799648,1.000000,1.000000
18500,185.000000000,184.990000000,18499,1,REST_MEASUREMENT,CLEAN_LOCAL,1.000000,1.000000,0,0,1.0159502,0.00367176486,0.0174564123,1.14829576,1.30515873,2.42098451,4.04315329,0.22942394,0.497937202,0,0,0,1,1,450,100,1,12.045006,13.000000,21.000000,none,0,66,12.5924749,Y,0.200750098,VALID_LOW,0,77.440186,77.440186,62,5.37308931,Y,72.000000,6.27737284,78.000000,5.03003216,0,0,77.000000,5.37308931,0,72.000000,6.27737284,6,68.000000,3.62717247,0,1.000000,CLEAN,13.000000,1.119203,0.623457,1.000000,1.000000,77.000000,1.215960,0.876613,1.000000,1.000000
18600,186.000000000,185.990000000,18599,1,REST_MEASUREMENT,CLEAN_LOCAL,1.000000,1.000000,0,0,1.01581097,0.00349947391,0.0172011852,1.21312666,1.32479274,2.1125226,3.58546114,0.241864085,0.529408455,0,0,0,1,1,450,100,1,12.029254,12.000000,32.000000,none,0,75,14.1642523,Y,0.200487569,VALID,1,77.748085,77.748085,70,6.66183996,X,78.000000,6.66183996,78.000000,6.66183996,0,0,78.000000,6.66183996,0,67.000000,5.59770346,0,84.000000,1.47111368,7,1.000000,CLEAN,12.000000,1.100756,0.654356,1.000000,1.000000,78.000000,1.316702,0.663101,1.000000,1.000000
18700,187.000000000,186.990000000,18699,1,REST_MEASUREMENT,CLEAN_LOCAL,1.000000,1.000000,0,0,1.01625979,0.00404145662,0.0224288702,1.73675704,1.91472065,3.21391916,4.59216642,0.281990886,0.628125668,0,0,0,1,1,450,100,1,12.019015,12.000000,25.000000,none,0,68,11.876112,Y,0.200316921,VALID_LOW,0,77.886635,77.886635,64,6.21736813,X,78.000000,6.21736813,78.000000,6.21736813,0,0,78.000000,6.21736813,0,67.000000,6.19861412,0,83.000000,0.882229447,7,0.900000,MILD,12.000000,1.100830,0.784251,1.000000,1.000000,78.000000,1.309092,0.931629,1.000000,1.000000
18800,188.000000000,187.990000000,18799,1,REST_MEASUREMENT,CLEAN_LOCAL,1.000000,1.000000,0,0,1.01617002,0.00418737112,0.0215382576,2.03270507,2.16311312,3.23379683,4.59216642,0.288465232,0.624752045,0,0,0,1,1,450,100,1,12.012360,12.000000,23.000000,none,0,68,9.91489601,Y,0.200205997,VALID_LOW,0,78.498985,78.498985,56,5.00670433,Z,79.000000,5.00670433,79.000000,5.00670433,0,0,79.000000,5.00670433,0,76.000000,1.92134631,0,74.000000,0.633076489,6,0.900000,MILD,12.000000,1.082060,0.782404,1.000000,1.000000,79.000000,1.353179,0.863550,1.000000,1.000000
18900,189.000000000,188.990000000,18899,1,REST_MEASUREMENT,CLEAN_LOCAL,1.000000,1.000000,0,0,1.01574087,0.0038150961,0.0169585943,1.48898935,1.67629778,2.75491643,4.03117704,0.261482775,0.541055202,0,0,0,1,1,450,100,1,11.658033,11.000000,22.000000,none,0,69,14.1921673,Y,0.194300562,VALID_LOW,0,78.224541,78.224541,58,4.9266305,X,67.000000,6.10586309,78.000000,4.9266305,0,0,78.000000,4.9266305,0,67.000000,6.10586309,0,74.000000,1.45669329,0,1.000000,CLEAN,11.000000,1.094648,0.645433,1.000000,1.000000,78.000000,1.221530,0.455438,1.000000,1.000000
19000,190.000000000,189.990000000,18999,1,REST_MEASUREMENT,CLEAN_LOCAL,1.000000,1.000000,0,0,1.01593304,0.00337209064,0.0158909559,1.10901785,1.25692272,2.11946964,4.03117704,0.24388288,0.519871712,0,0,0,1,1,450,100,1,11.777721,12.000000,21.000000,none,0,75,8.9807806,Y,0.196295351,VALID_LOW,0,78.651047,78.651047,55,4.21371746,X,67.000000,5.74558306,79.000000,4.21371746,0,0,79.000000,4.21371746,0,85.000000,2.69125652,0,67.000000,5.74558306,0,1.000000,CLEAN,12.000000,1.094829,0.873918,1.000000,1.000000,79.000000,1.198359,0.555723,1.000000,1.000000
19100,191.000000000,190.990000000,19099,1,REST_MEASUREMENT,CLEAN_LOCAL,1.000000,1.000000,0,0,1.01608312,0.0033661006,0.016833663,1.20787907,1.31337345,2.23825622,3.60967994,0.25186947,0.551629066,0,0,0,1,1,450,100,1,11.505519,11.000000,21.000000,none,0,71,13.4428606,Y,0.191758648,----,0,78.651047,78.651047,23,8.14583683,Z,90.000000,8.14583683,78.000000,5.33739185,1,8,90.000000,8.14583683,8,78.000000,5.33739185,0,85.000000,2.36566401,0,1.000000,CLEAN,11.000000,1.099312,0.799850,1.000000,1.000000,90.000000,1.396322,0.134814,0.500000,0.984000
19200,192.000000000,191.990000000,19199,1,REST_MEASUREMENT,CLEAN_LOCAL,1.000000,1.000000,0,0,1.01636147,0.0032578914,0.018971324,1.45804584,1.58617973,2.72072959,4.29468155,0.226247251,0.551617146,0,0,0,1,1,450,100,1,11.328588,11.000000,23.000000,none,0,74,12.2294922,Y,0.188809797,----,0,78.651047,78.651047,25,9.73100758,Z,90.000000,9.73100758,83.000000,0.880216718,1,8,90.000000,9.73100758,8,78.000000,5.15195704,7,83.000000,0.880216718,0,1.000000,CLEAN,11.000000,1.095577,0.854412,1.000000,1.000000,90.000000,1.473796,0.072685,0.500000,0.984000
19300,193.000000000,192.990000000,19299,1,REST_MEASUREMENT,CLEAN_LOCAL,1.000000,1.000000,0,0,1.01620054,0.0037970359,0.0179994106,1.93156493,2.03963995,2.87694097,4.29468155,0.243859276,0.545620918,0,0,0,1,1,450,100,1,11.213582,11.000000,20.000000,none,0,67,9.79444504,Y,0.186893031,VALID_LOW,0,78.292969,78.292969,60,6.18244934,X,90.000000,9.74514103,82.000000,0.701236129,1,7,78.000000,6.18244934,7,90.000000,9.74514103,8,82.000000,0.701236129,0,0.900000,MILD,11.000000,1.081782,0.970535,1.000000,1.000000,78.000000,1.434367,0.305984,1.000000,0.992800
19400,194.000000000,193.990000000,19399,1,REST_MEASUREMENT,CLEAN_LOCAL,1.000000,1.000000,0,0,1.01579356,0.00421406794,0.0196717978,1.66605687,1.82105339,2.87269306,3.50851011,0.25948894,0.497221947,0,0,0,1,1,450,100,1,11.138828,11.000000,23.000000,none,0,68,14.8627272,Y,0.185647145,VALID,1,78.131836,78.131836,67,7.58282852,X,90.000000,10.6028509,82.000000,1.09460032,1,7,78.000000,7.58282852,7,90.000000,10.6028509,8,82.000000,1.09460032,0,0.900000,MILD,11.000000,1.097427,0.870239,1.000000,1.000000,78.000000,1.520879,0.173186,1.000000,0.992800
19500,195.000000000,194.990000000,19499,1,REST_MEASUREMENT,CLEAN_LOCAL,1.000000,1.000000,0,0,1.01592064,0.00374404876,0.0177938938,1.16179967,1.27925324,2.26088881,3.8619926,0.245180011,0.492799282,0,0,0,1,1,450,100,1,11.440238,12.000000,21.000000,none,0,71,10.5783749,Y,0.190670639,VALID,1,78.059326,78.059326,68,6.46570778,X,90.000000,9.32600975,89.000000,8.2701683,1,7,78.000000,6.46570778,7,90.000000,9.32600975,8,82.000000,1.21626627,7,1.000000,CLEAN,12.000000,1.094122,0.816259,1.000000,1.000000,78.000000,1.495309,0.072321,1.000000,0.984000
19600,196.000000000,195.990000000,19599,1,REST_MEASUREMENT,CLEAN_LOCAL,1.000000,1.000000,0,0,1.01626432,0.00330478977,0.0195881128,1.18216479,1.29313934,2.34011388,3.8619926,0.251655698,0.525426865,0,0,0,1,1,450,100,1,11.286155,11.000000,21.000000,none,0,73,12.0384464,Y,0.188102573,----,0,78.059326,78.059326,22,9.07686615,Z,90.000000,9.07686615,85.000000,3.29313874,1,8,90.000000,9.07686615,8,78.000000,4.97098351,7,68.000000,7.27682972,6,1.000000,CLEAN,11.000000,1.095304,0.744966,1.000000,1.000000,90.000000,1.256199,0.034336,0.500000,0.984000
19700,197.000000000,196.990000000,19699,1,REST_MEASUREMENT,CLEAN_LOCAL,1.000000,1.000000,0,0,1.01600003,0.00318541937,0.0197869539,1.32434428,1.43031585,2.42812109,3.45679259,0.237557963,0.560593605,0,0,0,1,1,450,100,1,11.186001,11.000000,21.000000,none,0,75,13.4270782,Y,0.186433345,VALID_LOW,0,79.000343,79.000343,48,2.64080715,Z,90.000000,6.86635542,81.000000,2.64080715,0,0,81.000000,2.64080715,0,85.000000,3.6219821,0,90.000000,6.86635542,8,1.000000,CLEAN,11.000000,1.103976,0.894794,1.000000,1.000000,81.000000,1.609684,0.461932,1.000000,1.000000
19800,198.000000000,197.990000000,19799,1,REST_MEASUREMENT,CLEAN_LOCAL,1.000000,1.000000,0,0,1.0154953,0.00362784951,0.0184006691,1.79500258,1.90228593,2.82706261,3.45679259,0.24654761,0.571131706,0,0,0,1,1,450,100,1,11.470901,12.000000,20.000000,none,0,64,11.0888062,Y,0.191181675,----,0,80.920235,80.920235,42,4.1516695,Y,103.000000,7.51481056,85.000000,4.1516695,0,0,85.000000,4.1516695,0,81.000000,2.52851772,7,77.000000,1.19807005,0,0.900000,MILD,12.000000,1.103387,0.890540,1.000000,1.000000,85.000000,1.528588,0.844085,0.850000,1.000000
19900,199.000000000,198.990000000,19899,1,REST_MEASUREMENT,CLEAN_LOCAL,1.000000,1.000000,0,0,1.01551354,0.00347759877,0.0184006691,1.65739918,1.7854321,2.79426575,3.31099343,0.242371202,0.537133217,0,0,0,1,1,450,100,1,11.306086,11.000000,24.000000,none,0,73,16.4532108,Y,0.188434765,VALID_LOW,0,82.225761,82.225761,51,4.4136796,Y,102.000000,5.84151745,85.000000,4.4136796,0,0,85.000000,4.4136796,0,80.000000,4.49660015,7,76.000000,1.30337286,0,1.000000,CLEAN,11.000000,1.107810,0.776291,1.000000,1.000000,85.000000,1.466856,0.870210,0.850000,1.000000
20000,200.000000000,199.990000000,19999,1,REST_MEASUREMENT,CLEAN_LOCAL,1.000000,1.000000,0,0,1.01575327,0.00316083431,0.0176160336,1.2391609,1.38110638,2.2125392,4.75633907,0.240179464,0.54756403,0,0,0,1,1,450,100,1,11.548956,12.000000,21.000000,none,0,73,11.4422092,Y,0.192482606,VALID_LOW,0,83.433517,83.433517,53,5.74516678,Z,86.000000,5.74516678,86.000000,5.74516678,0,0,86.000000,5.74516678,0,81.000000,2.91925097,7,76.000000,0.827157497,0,1.000000,CLEAN,12.000000,1.095258,0.882519,1.000000,1.000000,86.000000,1.256124,0.757702,0.850000,1.000000
20100,201.000000000,200.990000000,20099,1,REST_MEASUREMENT,CLEAN_LOCAL,1.000000,1.000000,0,0,1.01556611,0.00344531983,0.0176160336,1.27902174,1.43170679,2.38894224,4.75633907,0.24475725,0.551474094,0,0,0,1,1,450,100,1,11.706821,12.000000,22.000000,none,0,73,11.755022,Y,0.195113689,VALID,1,84.295082,84.295082,71,6.37802124,Y,91.000000,6.41136122,85.000000,6.37802124,0,0,85.000000,6.37802124,0,91.000000,6.41136122,0,81.000000,2.07689905,7,1.000000,CLEAN,12.000000,1.093244,0.788666,1.000000,1.000000,85.000000,1.628220,0.578687,1.000000,1.000000
20200,202.000000000,201.990000000,20199,1,REST_MEASUREMENT,CLEAN_LOCAL,1.000000,1.000000,0,0,1.01565874,0.00317297061,0.018197298,1.25515914,1.33258164,2.10191321,3.71595931,0.224732712,0.526487827,0,0,0,1,1,450,100,1,11.459434,11.000000,24.000000,none,0,72,13.901268,Y,0.190990552,VALID_LOW,0,86.120659,86.120659,56,8.76900101,Z,90.000000,8.76900101,86.000000,6.63518,1,8,90.000000,8.76900101,8,86.000000,6.63518,0,73.000000,0.100658737,0,1.000000,CLEAN,11.000000,1.095551,0.785408,1.000000,1.000000,90.000000,1.226642,0.059300,0.850000,0.984000
20300,203.000000000,202.990000000,20299,1,REST_MEASUREMENT,CLEAN_LOCAL,1.000000,1.000000,0,0,1.0160085,0.00344043924,0.0196322203,1.68483901,1.82165146,3.06670976,3.80545521,0.238451585,0.526487827,0,0,0,1,1,450,100,1,11.648632,12.000000,21.000000,none,0,66,10.5652103,Y,0.194143862,VALID_LOW,0,85.504295,85.504295,60,6.28292465,Z,90.000000,7.45477009,85.000000,6.28292465,0,0,85.000000,6.28292465,0,90.000000,7.45477009,0,103.000000,5.68645906,9,0.900000,MILD,12.000000,1.084317,0.893460,1.000000,1.000000,85.000000,1.267481,0.749775,1.000000,1.000000
20400,204.000000000,203.990000000,20399,1,REST_MEASUREMENT,CLEAN_LOCAL,1.000000,1.000000,0,0,1.01591158,0.00365896081,0.0172647238,1.86426365,1.99934363,3.23751187,3.80545521,0.24494344,0.511693954,0,0,0,1,1,450,100,1,11.421611,11.000000,19.000000,none,0,65,13.2552652,Y,0.190360174,VALID_LOW,0,84.676933,84.676933,60,5.73746252,Y,84.000000,5.73746252,84.000000,5.73746252,0,0,84.000000,5.73746252,0,89.000000,4.63242769,8,80.000000,0.691208005,7,0.900000,MILD,11.000000,1.100035,0.858512,1.000000,1.000000,84.000000,1.390745,0.842080,1.000000,1.000000
20500,205.000000000,204.990000000,20499,1,REST_MEASUREMENT,CLEAN_LOCAL,1.000000,1.000000,0,0,1.0159061,0.0033320291,0.0164240599,1.34062147,1.52603912,2.61056638,4.30397749,0.224957719,0.455605984,0,0,0,1,1,450,100,1,11.274047,11.000000,20.000000,none,0,73,11.7171373,Y,0.187900782,VALID,1,84.854622,84.854622,80,11.2509003,Z,85.000000,11.2509003,84.000000,10.9391479,0,0,85.000000,11.2509003,0,89.000000,4.61229706,8,91.000000,2.29103732,8,1.000000,CLEAN,11.000000,1.098608,0.744207,1.000000,1.000000,85.000000,1.378049,0.324973,1.000000,1.000000
20600,206.000000000,205.990000000,20599,1,REST_MEASUREMENT,CLEAN_LOCAL,1.000000,1.000000,0,0,1.01598835,0.00330839399,0.0179833174,1.14312458,1.32095933,2.31638789,4.30397749,0.246749192,0.583291054,0,0,0,1,1,450,100,1,11.528131,12.000000,20.000000,none,0,72,10.1973696,Y,0.192135513,VALID,1,84.384583,84.384583,82,10.3610754,Z,84.000000,10.3610754,84.000000,10.3610754,0,0,84.000000,10.3610754,0,78.000000,3.72531009,0,89.000000,3.23265481,0,1.000000,CLEAN,12.000000,1.105898,0.799641,1.000000,1.000000,84.000000,1.322250,0.770280,1.000000,1.000000
20700,207.000000000,206.990000000,20699,1,REST_MEASUREMENT,CLEAN_LOCAL,1.000000,1.000000,0,0,1.01606131,0.00304693356,0.0189133883,1.20492566,1.31528032,2.22272372,3.64506555,0.234684974,0.498080254,0,0,0,1,1,450,100,1,11.343285,11.000000,19.000000,none,0,74,14.3395748,Y,0.189054742,VALID,1,83.623062,83.623062,80,10.9462595,Y,83.000000,10.9462595,83.000000,10.9462595,0,0,83.000000,10.9462595,0,78.000000,3.19290376,7,90.000000,2.29111362,8,1.000000,CLEAN,11.000000,1.106910,0.818766,1.000000,1.000000,83.000000,1.291082,0.754317,1.000000,1.000000
20800,208.000000000,207.990000000,20799,1,REST_MEASUREMENT,CLEAN_LOCAL,1.000000,1.000000,0,0,1.01620448,0.0030713249,0.0186282396,1.59105718,1.74533391,3.06576061,4.37666225,0.211905301,0.422632694,0,0,0,1,1,450,100,1,11.223135,11.000000,19.000000,none,0,67,10.7083235,Y,0.18705225,VALID,1,83.280380,83.280380,75,9.49546528,Y,83.000000,9.49546528,83.000000,9.49546528,0,0,83.000000,9.49546528,0,78.000000,2.30125165,7,90.000000,2.09909153,8,0.900000,MILD,11.000000,1.093202,0.866423,1.000000,1.000000,83.000000,1.260588,0.957762,1.000000,1.000000
20900,209.000000000,208.990000000,20899,1,REST_MEASUREMENT,CLEAN_LOCAL,1.000000,1.000000,0,0,1.01602352,0.0034922373,0.0191421509,1.89248288,2.01022649,3.15999818,4.37666225,0.241749674,0.467860699,0,0,0,1,1,450,100,1,11.145038,11.000000,24.000000,none,0,67,12.1244984,Y,0.185750633,VALID,1,83.126175,83.126175,75,10.4175262,Y,83.000000,10.4175262,83.000000,10.4175262,0,0,83.000000,10.4175262,0,90.000000,1.60232472,8,79.000000,2.40034699,7,0.900000,MILD,11.000000,1.094914,0.788585,1.000000,1.000000,83.000000,1.259427,0.914641,1.000000,1.000000
21000,210.000000000,209.990000000,20999,1,REST_MEASUREMENT,CLEAN_LOCAL,1.000000,1.000000,0,0,1.01565242,0.00335913314,0.0194705725,1.42149961,1.57001674,2.59838176,3.48535681,0.251039207,0.504279137,0,0,0,1,1,450,100,1,11.094275,11.000000,22.000000,none,0,75,13.7767887,Y,0.184904575,VALID,1,82.506775,82.506775,84,10.3878174,Z,82.000000,10.3878174,82.000000,10.3878174,0,0,82.000000,10.3878174,0,86.000000,1.22925901,0,73.000000,0.246157587,0,1.000000,CLEAN,11.000000,1.096285,0.803304,1.000000,1.000000,82.000000,1.467819,0.747150,1.000000,1.000000
21100,211.000000000,210.990000000,21099,1,REST_MEASUREMENT,CLEAN_LOCAL,1.000000,1.000000,0,0,1.01574552,0.00331693306,0.0191770792,1.08485067,1.21957862,2.2334621,3.65760446,0.2540766,0.528883934,0,0,0,1,1,450,100,1,11.411279,12.000000,21.000000,none,0,70,10.1592264,Y,0.190187976,VALID,1,82.228050,82.228050,76,7.51735973,Z,83.000000,7.71481991,83.000000,7.71481991,1,7,82.000000,7.51735973,7,76.000000,1.10759664,0,91.000000,2.80726933,8,1.000000,CLEAN,12.000000,1.090545,0.807482,1.000000,1.000000,82.000000,1.327400,0.954745,1.000000,0.984000
21200,212.000000000,211.990000000,21199,1,REST_MEASUREMENT,CLEAN_LOCAL,1.000000,1.000000,0,0,1.01591074,0.00348206586,0.0191485882,1.17625034,1.29087055,2.30301261,3.65760446,0.253399372,0.578379631,0,0,0,1,1,450,100,1,11.267331,11.000000,20.000000,none,0,73,13.6719646,Y,0.187788859,VALID,1,82.652626,82.652626,78,16.507555,Y,82.000000,16.8578091,82.000000,16.8578091,0,0,83.000000,16.507555,0,76.000000,1.129807,0,88.000000,1.49392092,8,1.000000,CLEAN,11.000000,1.098400,0.810668,1.000000,1.000000,83.000000,1.311200,0.394625,1.000000,1.000000
21300,213.000000000,212.990000000,21299,1,REST_MEASUREMENT,CLEAN_LOCAL,1.000000,1.000000,0,0,1.01621866,0.00347904628,0.0196726322,1.2831372,1.37040329,2.19642448,2.96712756,0.22585009,0.542056561,0,0,0,1,1,450,100,1,11.173765,11.000000,23.000000,none,0,75,13.1516771,Y,0.186229423,VALID,1,82.293678,82.293678,80,18.9834156,Y,82.000000,18.9834156,82.000000,18.9834156,0,0,82.000000,18.9834156,0,75.000000,0.449165165,0,88.000000,2.58232522,8,1.000000,CLEAN,11.000000,1.098010,0.870446,1.000000,1.000000,82.000000,1.332744,0.385650,1.000000,1.000000
21400,214.000000000,213.990000000,21399,1,REST_MEASUREMENT,CLEAN_LOCAL,1.000000,1.000000,0,0,1.0160886,0.00380377285,0.0206080675,1.75871646,1.88112485,2.9901197,3.47957492,0.255909562,0.547778606,0,0,0,1,1,450,100,1,11.112947,12.000000,25.000000,none,0,68,9.58027649,X,0.185215786,VALID,1,82.132156,82.132156,73,18.7762375,Y,82.000000,18.7762375,82.000000,18.7762375,0,0,82.000000,18.7762375,0,86.000000,0.720503807,0,75.000000,0.595513999,0,0.900000,MILD,11.000000,1.081063,0.982292,1.000000,1.000000,82.000000,1.314175,0.567025,1.000000,1.000000
21500,215.000000000,214.990000000,21499,1,REST_MEASUREMENT,CLEAN_LOCAL,1.000000,1.000000,0,0,1.01509285,0.00390988635,0.0203412771,1.72792196,1.85810745,2.9901197,3.47957492,0.264172375,0.518667698,0,0,0,1,1,450,100,1,11.073416,11.000000,19.000000,none,0,68,15.2809839,Y,0.184556931,VALID,1,82.059471,82.059471,74,17.5305443,Y,82.000000,17.5305443,82.000000,17.5305443,0,0,82.000000,17.5305443,0,77.000000,1.02886224,7,89.000000,3.36764979,8,0.900000,MILD,11.000000,1.106394,0.884935,1.000000,1.000000,82.000000,1.400795,0.449033,1.000000,1.000000
21600,216.000000000,215.990000000,21599,1,REST_MEASUREMENT,CLEAN_LOCAL,1.000000,1.000000,0,0,1.01527262,0.0032059818,0.019562006,1.13339305,1.27219284,2.33593869,4.16454029,0.221660405,0.499200821,0,0,0,1,1,450,100,1,11.047720,11.000000,20.000000,none,0,77,10.3693571,Y,0.184128672,VALID,1,82.026764,82.026764,82,13.1211023,Y,82.000000,13.1211023,82.000000,13.1211023,0,0,82.000000,13.1211023,0,86.000000,0.39062801,8,77.000000,0.70315063,7,1.000000,CLEAN,11.000000,1.091504,0.953244,1.000000,1.000000,82.000000,1.258073,0.741911,1.000000,1.000000
21700,217.000000000,216.990000000,21699,1,REST_MEASUREMENT,CLEAN_LOCAL,1.000000,1.000000,0,0,1.01590037,0.00287568849,0.0165592432,1.09185672,1.25106525,2.41184354,4.16454029,0.234971628,0.531101227,0,0,0,1,1,450,100,1,11.031018,11.000000,20.000000,none,0,78,9.4367609,Y,0.183850303,VALID,1,82.012047,82.012047,83,12.7561502,Y,82.000000,12.7561502,81.000000,11.8891983,0,0,82.000000,12.7561502,0,77.000000,1.07755315,7,71.000000,1.34083641,0,1.000000,CLEAN,11.000000,1.087962,0.978581,1.000000,1.000000,82.000000,1.266625,0.811801,1.000000,1.000000
21800,218.000000000,217.990000000,21799,1,REST_MEASUREMENT,CLEAN_LOCAL,1.000000,1.000000,0,0,1.01590753,0.00325960154,0.0168075562,1.20179975,1.30155325,2.11815071,3.08640671,0.255214363,0.604939461,0,0,0,1,1,450,100,1,11.020162,11.000000,20.000000,none,0,77,15.4466343,Y,0.183669358,VALID,1,81.455421,81.455421,77,8.93243313,Y,81.000000,8.93243313,81.000000,8.93243313,0,0,81.000000,8.93243313,0,77.000000,0.734034419,7,90.000000,3.6524775,8,1.000000,CLEAN,11.000000,1.108818,0.908127,1.000000,1.000000,81.000000,1.202919,0.555946,1.000000,1.000000
21900,219.000000000,218.990000000,21899,1,REST_MEASUREMENT,CLEAN_LOCAL,1.000000,1.000000,0,0,1.01597428,0.00349333812,0.0207108259,1.66655111,1.81923938,2.7655952,3.86215115,0.246931016,0.539338589,0,0,0,1,1,450,100,1,11.013105,11.000000,25.000000,none,0,69,9.98551273,X,0.183551759,VALID,1,81.204941,81.204941,75,14.4718924,Y,81.000000,14.4718924,81.000000,14.4718924,0,0,81.000000,14.4718924,0,77.000000,0.9173401,7,90.000000,4.71215677,8,0.900000,MILD,11.000000,1.080526,0.960987,1.000000,1.000000,81.000000,1.369058,0.698710,1.000000,1.000000
22000,220.000000000,219.990000000,21999,1,REST_MEASUREMENT,CLEAN_LOCAL,1.000000,1.000000,0,0,1.01559722,0.0036884062,0.0207620859,1.84250748,1.98127222,3.03448439,3.86215115,0.25260222,0.552356243,0,0,0,1,1,450,100,1,11.008518,11.000000,19.000000,none,0,68,15.9065723,Y,0.183475301,VALID,1,81.092224,81.092224,77,13.0978689,Y,81.000000,13.0978689,81.000000,13.0978689,0,0,81.000000,13.0978689,0,77.000000,1.06322277,7,94.000000,1.40400767,0,0.900000,MILD,11.000000,1.106218,0.790882,1.000000,1.000000,81.000000,1.385436,0.850327,1.000000,1.000000
22100,221.000000000,220.990000000,22099,1,REST_MEASUREMENT,CLEAN_LOCAL,1.000000,1.000000,0,0,1.01554847,0.00347707979,0.0198231936,1.32070637,1.48795795,2.64834619,4.35079193,0.24229458,0.521826744,0,0,0,1,1,450,100,1,11.005537,11.000000,22.000000,none,0,76,14.2221041,Y,0.18342562,VALID,1,81.591499,81.591499,83,10.1854267,X,81.000000,14.3718061,82.000000,10.1854267,0,0,82.000000,10.1854267,0,77.000000,0.678414702,7,73.000000,0.757398546,0,1.000000,CLEAN,11.000000,1.101954,0.764725,1.000000,1.000000,82.000000,1.358551,0.929228,1.000000,1.000000
22200,222.000000000,221.990000000,22199,1,REST_MEASUREMENT,CLEAN_LOCAL,1.000000,1.000000,0,0,1.01575947,0.00307194889,0.0189925432,1.08671939,1.22297871,1.92509949,4.35079193,0.226144597,0.463724136,0,0,0,1,1,450,100,1,11.353600,12.000000,21.000000,none,0,71,11.1618929,Y,0.189226657,VALID,1,81.816177,81.816177,85,10.3473206,X,81.000000,11.2766657,82.000000,10.3473206,0,0,82.000000,10.3473206,0,86.000000,0.919827461,0,75.000000,0.480993807,0,1.000000,CLEAN,12.000000,1.098494,0.877140,1.000000,1.000000,82.000000,1.469607,0.807688,1.000000,1.000000
22300,223.000000000,222.990000000,22299,1,REST_MEASUREMENT,CLEAN_LOCAL,1.000000,1.000000,0,0,1.01588941,0.00327071268,0.0167562962,1.18285918,1.27986228,2.12554789,3.34962749,0.240164965,0.565242767,0,0,0,1,1,450,100,1,11.229839,11.000000,22.000000,none,0,75,13.5598841,Y,0.187163994,VALID,1,81.367279,81.367279,80,12.5915718,Y,81.000000,12.5915718,82.000000,10.5198889,1,7,81.000000,12.5915718,7,85.000000,1.13691831,0,77.000000,1.02890444,7,1.000000,CLEAN,11.000000,1.097608,0.857209,1.000000,1.000000,81.000000,1.344636,0.653298,1.000000,0.960000
22400,224.000000000,223.990000000,22399,1,REST_MEASUREMENT,CLEAN_LOCAL,1.000000,1.000000,0,0,1.01615131,0.00376534276,0.0211369991,1.82999849,2.04979348,3.80693388,5.14775229,0.252519041,0.557661057,0,0,0,1,1,450,100,1,11.499395,12.000000,20.000000,none,0,65,12.6452799,Y,0.19165659,VALID,1,81.715279,81.715279,76,10.3616066,X,81.000000,11.5528774,86.000000,1.33671045,1,7,82.000000,10.3616066,7,90.000000,7.23440981,8,86.000000,1.33671045,0,0.900000,MILD,12.000000,1.101345,0.830326,1.000000,1.000000,82.000000,1.445831,0.706918,1.000000,0.992800
22500,225.000000000,224.990000000,22499,1,REST_MEASUREMENT,CLEAN_LOCAL,1.000000,1.000000,0,0,1.01568723,0.0036180641,0.0211369991,1.87195158,2.1223495,3.83925629,5.14775229,0.241958454,0.508725643,0,0,0,1,1,450,100,1,11.674607,12.000000,20.000000,none,0,67,10.4815693,Y,0.194576785,VALID,1,81.321877,81.321877,75,10.0953074,X,81.000000,10.0953074,86.000000,1.13481033,1,7,81.000000,10.0953074,7,86.000000,1.13481033,0,90.000000,6.75573969,0,0.900000,MILD,12.000000,1.097877,0.962746,1.000000,1.000000,81.000000,1.288877,0.943985,1.000000,0.992800
22600,226.000000000,225.990000000,22599,1,REST_MEASUREMENT,CLEAN_LOCAL,1.000000,1.000000,0,0,1.01567543,0.0035444845,0.0181931257,1.22240758,1.43268657,2.93229461,3.95973992,0.238564089,0.495493412,0,0,0,1,1,450,100,1,11.788495,12.000000,22.000000,none,0,75,10.6196165,Y,0.196474925,VALID,1,81.694847,81.694847,80,8.66800404,X,82.000000,8.66800404,80.000000,5.43354464,1,7,82.000000,8.66800404,7,90.000000,8.08443356,0,86.000000,1.52414179,0,1.000000,CLEAN,12.000000,1.095097,0.934870,1.000000,1.000000,82.000000,1.315600,0.706321,1.000000,0.984000
22700,227.000000000,226.990000000,22699,1,REST_MEASUREMENT,CLEAN_LOCAL,1.000000,1.000000,0,0,1.01624644,0.0034966867,0.01980865,1.08621812,1.2383076,2.31785846,3.95973992,0.224613741,0.492072105,0,0,0,1,1,450,100,1,11.862522,12.000000,22.000000,none,0,76,9.98266888,Y,0.197708696,VALID,1,81.312683,81.312683,81,13.1799536,X,81.000000,13.1799536,80.000000,8.65036011,1,7,81.000000,13.1799536,7,90.000000,7.03571463,0,76.000000,2.41573071,0,1.000000,CLEAN,12.000000,1.093595,0.863897,1.000000,1.000000,81.000000,1.359879,0.489222,1.000000,0.984000
22800,228.000000000,227.990000000,22799,1,REST_MEASUREMENT,CLEAN_LOCAL,1.000000,1.000000,0,0,1.0160954,0.0032314288,0.0195288658,1.20545292,1.30260718,2.20023799,3.72040701,0.229695231,0.492072105,0,0,0,1,1,450,100,1,11.560639,11.000000,25.000000,none,0,71,11.2381649,Y,0.192677319,VALID,1,81.140709,81.140709,82,15.0058489,X,81.000000,15.0058489,73.000000,0.600611567,1,7,81.000000,15.0058489,7,73.000000,0.600611567,0,77.000000,1.9209708,0,1.000000,CLEAN,11.000000,1.092490,0.781192,1.000000,1.000000,81.000000,1.415207,0.532172,1.000000,0.984000
22900,229.000000000,228.990000000,22899,1,REST_MEASUREMENT,CLEAN_LOCAL,1.000000,1.000000,0,0,1.01561999,0.00317066163,0.0174678564,1.55468798,1.68241656,2.86512733,3.53710032,0.246382877,0.537097454,0,0,0,1,1,450,100,1,11.714416,12.000000,20.000000,none,0,74,10.0189953,Y,0.195240259,VALID,1,81.613319,81.613319,77,9.38805866,X,82.000000,9.38805866,76.000000,1.23572409,1,7,82.000000,9.38805866,7,76.000000,1.23572409,0,87.000000,0.97483784,0,1.000000,CLEAN,12.000000,1.087883,0.879134,1.000000,1.000000,82.000000,1.254151,0.338782,1.000000,0.984000
23000,230.000000000,229.990000000,22999,1,REST_MEASUREMENT,CLEAN_LOCAL,1.000000,1.000000,0,0,1.01533115,0.00324229128,0.0178440809,1.86666811,1.97551262,2.86512733,3.53710032,0.228573829,0.476527214,0,0,0,1,1,450,100,1,11.814370,12.000000,25.000000,none,0,68,10.1288261,Y,0.196906164,VALID,1,81.275993,81.275993,72,12.7113562,X,81.000000,12.7113562,80.000000,8.02501488,1,7,81.000000,12.7113562,7,90.000000,6.7613678,0,86.000000,0.650763929,0,0.900000,MILD,12.000000,1.092578,0.990491,1.000000,1.000000,81.000000,1.293296,0.559870,1.000000,0.992800
23100,231.000000000,230.990000000,23099,1,REST_MEASUREMENT,CLEAN_LOCAL,1.000000,1.000000,0,0,1.01559603,0.0033136243,0.0179558992,1.51396656,1.67935526,2.76635647,4.23692513,0.232678592,0.495135784,0,0,0,1,1,450,100,1,11.879340,11.000000,21.000000,none,0,77,10.7906475,Z,0.197989002,VALID,1,81.674194,81.674194,79,12.2446184,X,82.000000,12.2446184,80.000000,5.63830042,1,7,82.000000,12.2446184,7,90.000000,7.84055328,0,77.000000,1.15381706,0,1.000000,CLEAN,12.000000,1.093521,0.984415,1.000000,1.000000,82.000000,1.257029,0.449361,1.000000,0.984000
23200,232.000000000,231.990000000,23199,1,REST_MEASUREMENT,CLEAN_LOCAL,1.000000,1.000000,0,0,1.01608777,0.00326076127,0.0162303448,1.11432719,1.24438345,2.03386211,4.23692513,0.243256077,0.495135784,0,0,0,1,1,450,100,1,11.921571,12.000000,21.000000,none,0,76,9.58658409,Z,0.198692843,VALID,1,81.303391,81.303391,78,14.0661774,X,81.000000,14.0661774,80.000000,9.35456657,1,7,81.000000,14.0661774,7,90.000000,7.78862381,0,76.000000,0.635082006,0,1.000000,CLEAN,12.000000,1.098409,0.925659,1.000000,1.000000,81.000000,1.260961,0.368717,1.000000,0.984000
23300,233.000000000,232.990000000,23299,1,REST_MEASUREMENT,CLEAN_LOCAL,1.000000,1.000000,0,0,1.01616013,0.00309470273,0.0160732269,1.13749969,1.21634817,1.87078202,3.18270326,0.23310113,0.495111942,0,0,0,1,1,450,100,1,11.599021,11.000000,21.000000,none,0,71,13.6765442,Z,0.193317011,VALID,1,81.136528,81.136528,80,15.6066895,X,81.000000,15.6066895,90.000000,6.95839548,1,7,81.000000,15.6066895,7,90.000000,6.95839548,0,75.000000,0.445011795,0,1.000000,CLEAN,11.000000,1.099488,0.816164,1.000000,1.000000,81.000000,1.310447,0.485114,1.000000,0.984000
23400,234.000000000,233.990000000,23399,1,REST_MEASUREMENT,CLEAN_LOCAL,1.000000,1.000000,0,0,1.01632869,0.0033086387,0.0214664936,1.39685643,1.53670847,2.49033976,4.93340969,0.240617603,0.521636009,0,0,0,1,1,450,100,1,11.389363,11.000000,26.000000,none,0,73,13.9879923,Z,0.189822719,VALID,1,81.061440,81.061440,79,8.04924393,Y,81.000000,8.04924393,77.000000,0.833730817,1,7,81.000000,8.04924393,7,90.000000,7.29379463,8,77.000000,0.833730817,0,1.000000,CLEAN,11.000000,1.097215,0.914389,1.000000,1.000000,81.000000,1.442502,0.611877,1.000000,0.984000
23500,235.000000000,234.990000000,23499,1,REST_MEASUREMENT,CLEAN_LOCAL,1.000000,1.000000,0,0,1.01625741,0.00393188791,0.0255594254,1.98465312,2.15424824,3.24069095,5.88635731,0.262214124,0.585973263,0,0,0,1,1,450,100,1,11.603086,12.000000,20.000000,none,0,65,10.8591614,Y,0.193384781,VALID_LOW,0,80.477646,80.477646,62,7.62297821,X,80.000000,7.62297821,90.000000,7.14677048,1,7,80.000000,7.62297821,7,90.000000,7.14677048,0,85.000000,1.08548951,0,0.900000,MILD,12.000000,1.090918,0.819242,1.000000,1.000000,80.000000,1.184019,0.412905,1.000000,0.992800
